Movie Name,Genre,Ratings,Voting Counts,Duration
Kraven the Hunter,Action,5.4,44K,127
Gladiator II,Action,6.6,216K,148
Sonic the Hedgehog 3,Action,6.9,52K,110
Venom: The Last Dance,Action,6.0,107K,110
Dune: Part Two,Action,8.5,612K,166
Pushpa: The Rule - Part 2,Action,6.1,54K,201
Elevation,Action,5.6,19K,91
The Lord of the Rings: The War of the Rohirrim,Action,6.3,28K,134
The Ministry of Ungentlemanly Warfare,Action,6.8,132K,122
Furiosa: A Mad Max Saga,Action,7.5,280K,148
Deadpool & Wolverine,Action,7.6,479K,128
Borderlands,Action,4.7,45K,101
Hellboy: The Crooked Man,Action,4.5,12K,99
Twisters,Action,6.5,160K,122
Civil War,Action,7.0,232K,109
The Count of Monte-Cristo,Action,7.6,32K,178
The Beekeeper,Action,6.3,153K,105
Carry-On,Action,6.5,159K,119
Marco,Action,6.9,20K,145
The Fall Guy,Action,6.8,216K,126
Rebel Ridge,Action,6.8,86K,131
The Crow,Action,4.7,32K,111
Thelma,Action,7.0,21K,98
Kingdom of the Planet of the Apes,Action,6.9,149K,145
Road House,Action,6.2,166K,121
Red One,Action,6.3,137K,123
Transformers One,Action,7.6,47K,104
Bad Boys: Ride or Die,Action,6.5,98K,115
Love Lies Bleeding,Action,6.6,56K,104
Damsel,Action,6.1,108K,110
Land of Bad,Action,6.6,50K,113
The Killer's Game,Action,5.7,16K,104
Argylle,Action,5.6,91K,139
Madame Web,Action,4.0,99K,116
Godzilla x Kong: The New Empire,Action,6.1,119K,115
The Union,Action,5.4,52K,107
Monkey Man,Action,6.8,90K,121
Azrael,Action,5.4,10K,86
Freaky Tales,Action,6.4,364,106
Attack on Titan the Movie: The Last Attack,Action,9.3,14K,145
Drive-Away Dolls,Action,5.4,23K,84
Werewolves,Action,4.4,6K,93
Uglies,Action,4.7,32K,100
Kung Fu Panda 4,Action,6.3,67K,94
Arcadian,Action,5.5,22K,92
Blitz,Action,6.2,16K,120
The Instigators,Action,6.2,37K,101
Lift,Action,5.5,49K,107
Beverly Hills Cop: Axel F,Action,6.4,80K,118
The Killer,Action,5.7,12K,126
Hitpig,Action,5.1,829,86
Apocalypse Z: The Beginning of the End,Action,6.1,19K,117
The Silent Hour,Action,6.1,7K,99
Maharaja,Action,8.4,65K,141
Brothers,Action,5.4,13K,89
Atlas,Action,5.6,55K,118
Canary Black,Action,5.4,11K,101
Baby John,Action,5.4,17K,159
Long Gone Heroes,Action,5.2,968,101
Rebel Moon - Part Two: The Scargiver,Action,5.3,59K,122
Hagen,Action,6.1,1K,139
Jackpot!,Action,5.8,30K,106
Under Paris,Action,5.2,36K,104
Trigger Warning,Action,4.6,19K,106
Agents,Action,3.7,889,82
Aavesham,Action,7.8,27K,155
Jacob Tyler,Action,4.8,44,133
No Way Up,Action,4.6,10K,90
Agent Recon,Action,2.4,658,85
11 Rebels,Action,6.2,260,155
Sunray: Fallen Soldier,Action,4.3,583,115
Singham Again,Action,4.8,75K,144
Amaran,Action,8.2,18K,167
Role Play,Action,5.5,19K,100
Echo 8,Action,4.0,169,96
Rifle Club,Action,7.0,4K,113
Dark Match,Action,5.5,830,94
Code 8: Part II,Action,5.7,16K,100
My Spy: The Eternal City,Action,5.7,11K,112
Harbin,Action,6.5,485,108
Badland Hunters,Action,5.9,12K,107
Sikandar Ka Muqaddar,Action,6.0,24K,142
The Lost Tiger,Action,7.8,34,90
Joe Baby,Action,8.2,26,86
The Roundup: Punishment,Action,6.6,5K,109
Arena Wars,Action,5.0,2K,96
Mafia Wars,Action,3.4,212,94
Raayan,Action,6.5,11K,145
Article 370,Action,7.8,24K,158
Devara Part 1,Action,6.0,20K,176
The Wages of Fear,Action,4.6,4K,104
The Quiet Ones,Action,6.5,522,110
Khadaan,Action,7.4,2K,137
Operation Blood Hunt,Action,3.4,455,93
Rats!,Action,8.0,77,85
Jigra,Action,6.0,23K,153
Bougainvillea,Action,6.4,3K,138
Cloud,Action,6.3,895,123
Utopia,Action,3.6,340,91
Everybody Loves Jenifa,Action,8.4,78,135
Sucha Soorma,Action,6.5,908,136
WWII: Operation Phoenix,Action,6.6,63,106
Anaconda,Action,4.9,601,84
My Fathers' Daughter,Action,6.6,71,78
Hanu Man,Action,7.7,29K,158
Fight Another Day,Action,5.1,326,97
Terminator: Skynet Rising,Action,6.8,258,88
The Greatest of All Time,Action,5.7,22K,183
Alien: Rubicon,Action,2.4,329,86
Zero,Action,6.1,38,88
Outlaw,Action,5.2,902,82
Viduthalai Part 2,Action,8.0,15K,170
Revolver,Action,5.4,819,114
Snow White and the Seven Samurai,Action,3.2,263,88
The Ballad of Davy Crockett,Action,4.6,245,96
The Hangman,Action,3.3,986,92
Savi,Action,6.2,35K,126
Agni,Action,7.3,15K,122
Spiders on a Plane,Action,5.7,360,78
"Love, Courage and the Battle of Bushy Run",Action,5.0,173,113
A Legend,Action,4.7,855,129
Kanguva,Action,4.5,14K,152
Baby Invasion,Action,5.8,63,80
Handsome Guys,Action,6.5,751,101
72 Hours,Action,4.1,280,87
Cells at Work!,Action,6.8,168,109
The Slave and the Sorcerer,Action,6.7,37,86
Chandu Champion,Action,7.8,34K,142
The Last Front,Action,5.5,599,98
London Calling,Action,7.5,17,109
The Lockdown,Action,4.3,595,117
Vettaiyan,Action,7.0,39K,163
Cassino in Ischia,Action,4.4,229,113
40 Acres,Action,6.5,101,113
Overlord: The Sacred Kingdom,Action,7.0,699,135
Roadkill,Action,3.6,672,90
Crosspoint,Action,7.3,26,100
Don't Mess with Grandma,Action,6.1,144,81
Invasion,Action,4.8,664,91
Get Fast,Action,3.6,435,88
Big Rage,Action,3.6,153,115
12 to Midnight,Action,3.6,275,96
War of the Worlds: Extinction,Action,3.0,177,84
Cesium Fallout,Action,6.7,407,136
Dharmarakshak Mahaveer Chhatrapati Sambhaji Maharaj,Action,8.2,651,174
The Last Ronin,Action,4.9,225,121
12 Gaun,Action,6.3,862,147
Continental Split,Action,3.5,533,88
Black Heat,Action,8.9,73,93
Devil's Knight,Action,5.4,777,90
High Forces,Action,5.8,504,119
School of Magical Animals 3,Action,5.9,297,105
The Last of Us: Immunity,Action,6.3,13,64
Escape from the 21st Century,Action,6.5,811,98
Taken from Rio Bravo,Action,3.0,307,80
Diabel,Action,5.1,200,108
Art of Eight Limbs,Action,4.0,304,101
Eye for an Eye 2,Action,6.5,482,90
The Charisma Killers,Action,6.1,641,101
Pimpinero: Blood and Oil,Action,5.6,537,121
Ryan's World the Movie: Titan Universe Adventure,Action,1.8,641,80
Je Jatt Vigarh Gya,Action,5.7,815,132
Blade of Fury,Action,6.1,112,90
Ka Whawhai Tonu,Action,7.4,169,115
The Friendly,Action,8.1,15,101
Dange,Action,5.4,786,154
The Firefighters,Action,5.8,149,106
Hunting with Tigers,Action,5.6,506,109
Paradise,Action,6.9,77,83
Deaner '89,Action,5.9,414,90
Hellhound,Action,4.3,489,103
Bloodline,Action,9.2,46,80
Auron Mein Kahan Dum Tha,Action,6.6,40K,150
Shark Warning,Action,3.4,247,94
Jathara,Action,6.4,1K,129
Nothing Even Matters,Action,5.5,72,90
Snatched,Action,4.9,207,101
No Time to Spy: A Loud House Movie,Action,6.4,435,81
Memes & Nightmares,Action,5.7,76,81
Operation Undead,Action,4.6,354,110
Fyre Rises,Action,6.5,321,110
Witch Hunter,Action,5.2,21,80
Bureau 749,Action,4.1,502,123
Martin,Action,2.3,36K,147
Rajakili,Action,8.1,550,122
Crisis Negotiators,Action,6.7,691,120
Baby Assassins: Nice Days,Action,7.3,268,103
Bangkok Dog,Action,6.3,95,85
The Actor,Action,3.3,722,128
Mummy Shark,Action,2.0,168,66
Orang Ikan,Action,6.5,31,83
Customs Frontline,Action,5.4,461,115
Rogue Elements: A Ryan Drake Story,Action,4.9,914,44
The Kingdom,Action,7.9,85,133
Lady Scorpions,Action,3.6,361,101
Ballistic,Action,2.3,161,95
(Pri)sons,Action,5.1,251,100
Xiong Shi Shao Nian 2,Action,7.5,184,134
Rendel: Cycle of Revenge,Action,3.6,242,99
Mobile Suit Gundam SEED Freedom,Action,6.6,923,124
Gandhi 3,Action,5.5,231,143
Conquer: Lahad Datu,Action,6.7,495,120
Raqa,Action,6.5,58,107
Clone Cops,Action,8.1,185,96
Reloaded 2,Action,8.0,1K,45
Barroz: Guardian of Treasures,Action,3.5,943,155
Kuang Bao Ju Xi,Action,6.1,68,75
Abudeka Is Back,Action,5.3,29,120
Rode College,Action,6.6,421,168
Buddy,Action,3.8,340,137
Kahar: Kapla High Council,Action,7.0,442,102
Bangkok Breaking: Heaven and Hell,Action,5.8,652,146
Kamen Rider 555 20th: Paradise Regained,Action,5.9,141,65
Bonus Trip,Action,4.5,217,113
Stranded Pearl,Action,6.0,27,90
Exorcism Chronicles: The Beginning,Action,7.0,66,85
Ghosts of Red Ridge,Action,3.3,145,81
Desperado,Action,5.9,139,100
Drive,Action,5.7,312,90
The Mick and the Trick,Action,5.0,75,96
Love You to Debt,Action,6.2,747,135
Kill Craft,Action,2.3,361,99
Anchakkallakokkan,Action,6.6,1K,126
The Miranda Brothers,Action,4.4,187,99
Prepare to Die,Action,4.6,228,93
Naam,Action,6.4,274,136
Sayen: The Huntress,Action,4.4,252,88
Neon Fear,Action,6.1,387,40
Ship of the Damned,Action,2.8,293,88
Rang De Basanti,Action,8.8,144,174
The Infallibles,Action,4.8,745,99
Oru Anveshanathinte Thudakkam,Action,7.1,830,181
Spirit Riser,Action,6.7,33,98
Camp Blood: Clown Shark,Action,3.3,82,70
Bhaje Vaayu Vegam,Action,6.1,544,136
Kung Fu Games,Action,3.3,373,98
Hrashwo Deergha,Action,7.9,79,150
Troubleshooters,Action,6.7,401,110
Sasan,Action,8.5,63,155
Bidurbhai,Action,9.2,375,148
Samandar,Action,7.6,136,172
Sentimentaaal,Action,5.8,971,135
The Grey Men,Action,6.5,69,97
Losing Lerato 2,Action,9.1,31,96
Mother Mafia,Action,3.3,47,80
Ghost Killer,Action,7.2,58,105
They Call Her Death,Action,6.2,23,92
Pusaka,Action,6.4,31,90
Yuva,Action,5.8,834,153
Angel of the Warrior,Action,8.5,132,90
Breaking and Re-entering,Action,5.8,433,109
Cholo Zombies,Action,4.7,101,96
Taklee Genesis x Worlds Collide,Action,5.5,382,146
Hunt the Wicked,Action,5.3,106,102
Buying Time,Action,7.0,259,84
The Burden of Nine Lives,Action,4.8,100,116
The Circuit 4: Faith Fighter,Action,4.4,87,90
The Traveller,Action,5.2,201,134
Six jours,Action,6.3,96,95
Bull Shark 2,Action,2.9,151,75
Where Is Gilgamesh?,Action,9.0,603,90
Matka,Action,4.7,572,156
Mazhai Pidikatha Manithan,Action,4.5,416,133
The Bouncer,Action,4.2,81,78
Touchdown,Action,6.8,13,78
Gold Raiders,Action,2.0,179,88
September Babies,Action,6.2,283,94
Alien Country,Action,4.4,349,96
Bad Boyz,Action,4.6,605,150
The Alexandrian,Action,3.9,249,104
Nu Huo 12 Xiao Shi,Action,6.0,45,86
American Underdog,Action,8.8,23,89
First Nights at Freddy's,Action,9.3,14,98
Gone with the Dead,Action,4.9,41,96
Bhairadevi,Action,8.8,43,134
Citizen of a Kind,Action,6.7,773,114
Texas Twister,Action,2.5,157,88
Appudo Ippudo Eppudo,Action,4.7,227,120
Kiyma: Orman Kanunlari,Action,4.3,34,81
Thiragabadara Saami,Action,6.5,95,115
Tòkunbò,Action,3.9,289,113
Dragon Ball Z Kai,Action,8.4,65,82
Kizumonogatari: Koyomi Vamp,Action,6.9,79,144
Election,Action,5.9,807,120
The Desperate Chase,Action,5.5,51,110
Joachim and the Apocalypse,Action,7.2,12,90
Ajay Gadu,Action,7.3,1K,108
Correr para Vivir,Action,7.0,193,97
The Evil Three,Action,7.1,854,30
Sous écrous,Action,5.3,33,111
The Plot,Action,4.8,361,100
The Last Chainsaw Massacre,Action,4.0,38,75
Checkmate,Action,4.3,380,104
In Tenebras: Into the Darkness,Action,3.2,171,90
Artist Unknown,Action,9.2,11,82
Guy Manley: Super Spy,Action,4.5,115,92
24 Hours to D-Day,Action,4.8,34,83
The Moon Thieves,Action,6.2,223,108
Stuntman,Action,7.0,134,114
Hit List,Action,5.5,309,125
Dirty Money,Action,5.7,107,100
Por,Action,5.0,607,154
Virunnu,Action,7.9,875,125
Dünya Mali: Eksi Bir,Action,6.8,16,133
Sikaar,Action,8.3,675,150
Neo-Dome,Action,6.6,16,15
Türkler Çildirmis Olmali 2: Mavi Vatan,Action,2.2,153,100
Permafrost,Action,5.7,112,80
Polar,Action,4.4,28,76
Death Game,Action,6.3,24,88
Dark Fusion,Action,8.5,233,90
Go for Broke,Action,5.7,267,115
Saint Young Men: Holy Men vs Demon Army,Action,3.0,13,93
Mutant,Action,4.5,58,90
Tariq,Action,6.9,15,122
Anunnakiler,Action,2.6,428,76
Deadzone,Action,4.2,34,80
Young Lion of the West,Action,8.1,106,93
Komandir,Action,6.3,513,131
Dangerous Boys 2,Action,5.7,8,115
Kondal,Action,5.4,762,147
Honeko Akabane's Bodyguards,Action,5.9,35,117
UmroAyyar - A New Beginning,Action,6.9,669,135
Mahadev Ka Gorakhpur,Action,7.8,367,131
Naag Bhoomi,Action,5.7,7,130
Iddaru,Action,9.1,295,148
The Epidemic,Action,5.8,69,95
Chasing Raine,Action,2.3,186,101
Ameena,Action,6.3,18,107
Bonnie,Action,7.4,32,120
Joshua: Imai Pol Kaka,Action,4.5,583,130
Black Storm,Action,6.6,65,97
Star Abyss,Action,3.8,241,86
Shark Island,Action,4.0,114,81
Next to Us,Action,4.9,220,125
Die Chaosschwestern und Pinguin Paul,Action,5.7,66,100
The Wild Blade of Strangers,Action,6.6,106,102
The Experts,Action,6.2,259,121
Breaking Tradition,Action,7.3,21,87
The Omicron Killer,Action,2.9,594,98
Wonderful Precure! The Movie! Doki Doki Game no Sekai de Daiboken,Action,7.0,26,71
London Gangsters,Action,4.3,11,104
6 Hours Away,Action,3.9,240,93
Mongol,Action,8.7,89,155
South Side Hero,Action,5.6,35,92
Formed Police Unit,Action,4.6,472,120
Yakuza Girl,Action,2.3,65,82
Chaari 111,Action,4.8,255,130
Surrender,Action,7.8,15,149
Warning 2,Action,7.1,879,125
The Drunken Prodigy,Action,5.6,13,107
Fuuto PI: Portrait of Kamen Rider Skull,Action,7.5,30,82
The Captives,Action,3.5,65,73
Kamen Rider Gotchard: The Future Daybreak,Action,8.0,66,63
Inkabi,Action,4.7,77,101
Iron Fighter,Action,3.6,59,80
Lisabi: The Uprising,Action,6.4,121,107
Jorge da Capadócia,Action,6.4,128,119
Hell City,Action,9.1,26,90
Gam Gam Ganesha,Action,5.3,307,140
Onsen shâku,Action,6.4,9,70
Brattt,Action,4.7,66,117
Rocky and Bullwinkle,Action,9.7,11,100
The Vampire and the Vigilante,Action,3.8,47,75
What Happens in Miami,Action,4.3,218,90
Lie Zhan,Action,6.9,66,93
Shu Si Yi Bo,Action,6.6,32,91
Bheema,Action,5.8,947,148
Hain,Action,2.9,45,95
Shekko,Action,6.0,533,120
Nintama Rantaro Dokutake Ninja-tai Saikyou no Gunshi,Action,6.8,14,90
Karma,Action,4.5,17,111
Viswam,Action,4.3,628,155
Marni: The Story of Wewe Gombel,Action,5.9,199,119
GATAO: Like Father Like Son,Action,6.8,65,100
Thankamani,Action,4.6,229,156
Runner,Action,5.7,46,90
Harom Hara,Action,7.7,3K,154
Sacrum Vindictae II,Action,4.8,12,114
Hiranya,Action,5.9,14,138
Gangs of Godavari,Action,5.0,899,165
"Silex and the City, le film",Action,4.9,47,77
Appu,Action,8.6,181,92
Heavens: The Boy and His Robot,Action,6.3,21,98
Hide and Seek,Action,8.2,54,130
The Worlds Divide,Action,8.0,36,120
Dr. Jason II - Lights & Shadows,Action,5.3,284,62
Uninvited,Action,6.7,70,93
Kill the Children first,Action,7.8,25,106
The Heist,Action,6.9,2K,120
Surge of Power: Where There's Smoke,Action,7.3,12,68
Mega Twister,Action,2.5,49,75
The Escapee 3: The Final Escape,Action,2.7,63,83
Itutumba ka ng tatay ko,Action,5.7,29,109
Killer Ex,Action,3.9,52,94
Rebel,Action,3.2,64,100
Genis Aile 4: Cevahir & Ulvi,Action,6.9,53,90
Love You as the World Ends Final,Action,6.5,36,115
Agastya - Chapter 1,Action,6.9,591,168
Ultraman Blazar the Movie: Tokyo Kaiju Showdown,Action,7.5,80,75
Cândido,Action,6.3,58,99
Midas,Action,4.6,332,85
The Day Everything Changed,Action,7.9,77,97
Sunfall,Action,2.5,23,74
Kali,Action,5.1,408,96
Malayalee from India,Action,5.6,5K,160
Pariah Volume 1: Every Street Dog Has a Name,Action,6.9,383,138
Yao Shen Ling,Action,6.7,66,93
Ame no naka no yokujô,Action,6.0,66,132
Rock 'n' Roll Ringo,Action,6.4,52,101
Fights Break Sphere 3,Action,4.7,8,81
Kamen Rider Geats: Jyamato Awaking,Action,7.9,69,54
Aho Vikramaarka,Action,7.4,53,136
Second Life,Action,6.9,42,105
Gravediggers,Action,6.6,26,91
Zénithal,Action,5.3,70,80
The Very Last Christmas,Action,8.5,11,75
Thundu,Action,5.0,901,125
Hitler,Action,5.2,302,128
The Bodyguard,Action,6.6,27,87
Panjab Files,Action,7.9,17,117
Red vs. Blue: Restoration,Action,5.6,135,85
Vorovka,Action,4.9,48,90
Marine Drive,Action,9.5,49,105
Holy Punch,Action,5.2,37,98
Telekinesis,Action,5.9,59,106
Charlotte Link - Ohne Schuld,Action,5.5,41,89
Kade,Action,6.5,15,92
Jigar,Action,7.1,18,122
Chinatown Chacha,Action,5.1,55,103
Roxana,Action,4.0,64,98
Max Beyond,Action,6.6,17,93
Mirg,Action,6.3,35,83
Speed 220,Action,6.8,1K,114
Achilles Curse and the Curse of Treasure,Action,7.4,24,125
Athhoi,Action,8.0,133,158
Krishnamma,Action,6.2,362,138
Hakkenden,Action,5.8,71,149
Halloween: Mal Eterno,Action,8.3,223,50
Purushothamudu,Action,7.7,12,120
Tokusou Sentai Dekaranger 20th: Fireball Booster,Action,7.1,29,50
Tales Beyond the Galaxy,Action,5.5,146,76
The Mystery of Humanoid Puppet,Action,6.7,60,88
Dhaaak,Action,8.6,24,128
Blood Vendetta,Action,7.7,234,90
Dead Hand,Action,4.1,75,92
The Yoshi Movie,Action,7.7,12,105
Faster: Only one lap,Action,7.1,23,90
The Correct Way of Youth,Action,9.3,779,90
Pushpaka Vimanam,Action,5.6,16,137
Too Little Too Late,Action,5.5,8,66
Kreem,Action,6.8,128,115
Gull Lake Vice II: The Delusion Continues,Action,8.2,16,58
Dark World,Action,4.5,14,135
Emanet,Action,7.7,29,97
Zoloto Umalty,Action,5.0,101,109
Shri Swapankumarer Badami Hyenar Kobole,Action,5.6,323,146
Supplier Shankara,Action,9.3,70,163
The Journey of Flower,Action,3.9,25,97
Villain - Life of a Gangster,Action,8.9,156,141
Jurassic Exorcist,Action,3.9,20,76
Pithala Maathi,Action,7.8,848,140
Mr. Natwarlal,Action,7.6,778,130
Ohsama Sentai King-Ohger vs. Donbrothers,Action,6.8,36,26
Cholay,Action,8.6,53,60
Agent 86,Action,6.7,6,87
Shadows of Betrayal: Chronicles of Ian Blair,Action,7.3,12,65
Mobile Suit Gundam: Silver Phantom,Action,6.1,13,90
Crypto Storm,Action,4.7,31,101
Hope & Glory,Action,6.6,142,44
Shockwaves 2,Action,2.8,146,79
Di Renjie: Tongtian xuan an,Action,7.2,15,85
Operation Wakaliga: Fate and Blood,Action,6.7,11,66
Played,Action,6.2,11,96
Useful Idiots,Action,7.8,13,92
Serra das Almas,Action,6.3,10,120
Common Creed: Trafficking,Action,6.7,8,106
Break War,Action,2.4,14,86
Warrior Awang and Master Tok Gajah,Action,4.6,473,118
"Bullets, Brothers and Blood",Action,7.8,13,85
Babu,Action,7.7,179,142
Nothing Unusual,Action,9.7,12,92
Inherited,Action,9.5,21,76
DNA,Action,5.2,209,156
Hocus Focus,Action,7.9,19,85
Rooban,Action,6.5,281,125
Pungut,Action,6.7,11,100
Inexternal,Action,3.2,19,83
Oversteer,Action,4.7,17,86
Mirza: Part 1 - Joker,Action,6.8,236,165
Soodhu Kavvum 2: Naatum Naatu Makkalum,Action,3.7,196,129
Sathyam,Action,7.1,8,134
Opportunity,Action,9.1,89,96
Sith Wars: Episódio III - Fantasmas Dos Sith,Action,8.6,113,99
Xiao zi,Action,3.5,12,101
Re Xue Ran Shao,Action,4.2,17,113
Seven Heroes Beat the Monster,Action,6.8,51,89
Reeza GTR,Action,7.4,14,91
La Tamalera,Action,8.2,9,115
Zhi Bao,Action,5.7,17,100
Me and the Dragon's Daughter,Action,5.2,10,75
Bloody Escape,Action,6.1,25,100
Abnormal: Buas,Action,5.6,27,90
Ugravatara,Action,7.9,551,122
Yentha Panichesav Chanti,Action,9.5,85,135
Jimmy's Friends,Action,7.0,10,94
Operation Star,Action,7.6,23,102
Kadakan,Action,4.0,112,128
Give Me Babies,Action,6.7,6,23
Joy Hanu Man,Action,8.9,25,143
E-mail,Action,5.4,805,119
Firework,Action,6.6,11,60
The Deal,Action,8.8,25,130
Skhvatka,Action,5.0,23,107
The SML YTP Movie 2: Dimension Trouble,Action,8.3,13,94
Bullet,Action,9.1,568,131
Seetha Kalyana Vaibhogame,Action,8.6,2K,146
Vi possiamo salvare,Action,2.7,102,89
The End of Hen,Action,9.7,9,67
The Kills,Action,8.8,8,70
Revenge,Action,1.6,37,127
The Domino File,Action,4.7,7,102
Kallu Compound 1995,Action,8.2,2K,140
SMB-plush presents trick or death,Action,8.8,15,120
Travesty,Action,6.4,5,78
Raja 420,Action,6.1,21,81
Passazhiry,Action,4.5,31,80
El Junior Del Patron,Action,8.2,5,92
Bad Ass Sista,Action,6.9,8,80
Nenu Keerthana,Action,9.0,2K,155
The Overseas Killer,Action,6.4,52,104
AK47,Action,7.2,13,146
Speed Fight,Action,6.8,52,87
Be Forever Yamato: Rebel 3199: Part 1: Dark Invasion,Action,7.0,9,50
Kohinoor,Action,8.1,22,119
Battling to Survive,Action,7.0,52,74
Tranquility: Ghost Stories,Action,7.6,53,88
Wilhelm Gustloff,Action,8.7,8,110
Guxim,Action,7.7,34,75
Roudhra Rupaya,Action,7.6,2K,132
The Vent,Action,8.9,14,3
Combat Code: Hunt,Action,7.4,17,76
Jiwa 8 Belas,Action,5.0,19,86
Best Cop Ever,Action,4.3,49,122
El Duro,Action,5.9,12,90
Big Brother,Action,8.2,2K,115
Bloodlust,Action,8.2,11,97
Bond of Justice: Kizuna Part I - Encounter,Action,6.1,17,92
Dhil Raja,Action,8.7,136,106
Lealtad o Morir,Action,8.2,9,87
War with the Evil,Action,6.3,52,85
Spider-Man: Dimension Rift,Action,8.4,13,127
Whispers of the Imperial City,Action,6.8,53,90
Leha,Action,2.3,42,98
Daanvi,Action,1.7,7,117
Atu Nuvve Itu Nuvve,Action,7.0,11,123
The Winter Prophecy,Action,7.9,13,52
Blocking the Horse,Action,6.2,7,94
"La Protegida, La Película",Action,9.3,16,67
Happy Dragons,Action,4.9,9,97
Krapiva: Tsvetok smerti,Action,6.0,48,81
Klaantha,Action,6.2,518,107
Gally Gang Stars,Action,9.0,2K,157
Duelo De Capos,Action,8.2,10,83
Runnin' from Wolves,Action,7.2,10,133
Opasni shmatki,Action,5.2,18,92
Rudra: The Beginning,Action,9.4,38,135
Piri Reis: The Incredible Chart,Action,6.8,21,138
Los Hijos De Camelia y Emilio,Action,8.1,10,82
Full Clip for a Snitch,Action,3.9,18,75
Janna Endoro,Action,8.1,15,120
Sesh Bazi,Action,6.2,10,132
Kaale Angrej,Action,5.5,17,131
Isle: Alpha One,Action,8.4,7,97
Kyle and the Last Emerald,Action,5.6,17,20
Po du xing dong,Action,6.8,5,79
The Mirage,Action,8.9,10,106
Kyle and the Last Emerald 2,Action,8.4,7,15
Mahserin Üç Delisi,Action,5.6,16,78
Killer Lee,Action,1.9,9,87
No Man Standing,Action,8.6,11,93
Mandya Haida,Action,6.2,236,139
El Cartel De Teresa,Action,8.0,9,96
Las Hermanas Del Cartel,Action,8.2,5,91
Anger,Action,8.8,18,83
Jefa De Jefas,Action,8.2,9,82
Zen Fist,Action,7.2,8,45
StarGazer: The Need of the Many,Action,5.0,9,47
Bush Knife,Action,7.0,7,90
PW V: Tears of the Fallen,Action,8.2,11,60
Gadha17,Action,8.0,11,90
Bring Back the Colour,Action,5.9,7,47
Sehnsucht nach Firdaws,Action,8.5,6,103
Moana 2,Animation,6.7,87K,100
Flow,Animation,7.9,58K,85
The Wild Robot,Animation,8.2,152K,102
Mufasa: The Lion King,Animation,6.6,47K,118
Night of the Zoopocalypse,Animation,6.3,324,91
Despicable Me 4,Animation,6.2,62K,94
Inside Out 2,Animation,7.5,211K,96
Memoir of a Snail,Animation,7.8,15K,95
IF,Animation,6.4,57K,104
Spermageddon,Animation,5.7,600,80
Wallace & Gromit: Vengeance Most Fowl,Animation,7.5,33K,82
The Garfield Movie,Animation,5.7,24K,101
Look Back,Animation,7.8,14K,58
The Remarkable Life of Ibelin,Animation,8.2,12K,103
Orion and the Dark,Animation,6.3,17K,93
A Sloth Story,Animation,5.7,176,90
The Most Precious of Cargoes,Animation,7.1,717,81
That Christmas,Animation,6.8,17K,91
Mars,Animation,8.9,19,84
Buffalo Kids,Animation,6.6,632,93
Re: Zero - Starting Life in Another World- Season 3 Episode 1 90-minute Special 'Theatrical Malice',Animation,8.7,979,90
Crayon Shin-chan: Ora's Dinosaur Diary,Animation,6.5,310,106
My Freaky Family,Animation,6.4,388,86
Limonov: The Ballad of Eddie,Animation,6.0,732,138
The Colors Within,Animation,7.2,812,101
Johnny Puff: Secret Mission,Animation,4.8,433,87
Ghost Cat Anzu,Animation,6.5,701,97
From Ground Zero,Animation,7.9,493,112
Storm Crashers,Animation,6.3,551,88
Dalia y el Libro Rojo,Animation,6.7,48,107
Rebellious,Animation,6.0,160,94
Savages,Animation,7.0,269,87
Haikyu!! The Dumpster Battle,Animation,7.7,6K,85
The Night Before Christmas in Wonderland,Animation,6.3,507,80
Lesbian Space Princess,Animation,8.1,96,87
Super-Charlie,Animation,6.3,104,80
Shrek 5: The Contract - A Fan Made Film,Animation,7.0,18,84
White Snake: Afloat,Animation,6.9,429,133
Noah's Ark,Animation,4.3,624,96
The Quintessential Quintuplets Specials 2,Animation,7.1,112,46
Panda Bear in Africa,Animation,5.5,308,84
Boys Go to Jupiter,Animation,6.9,88,90
Given 3: To the Sea,Animation,8.0,9,80
Uma Musume: Pretty Derby - Beginning of a New Era,Animation,7.4,109,108
Zak & Wowo: The Legend of Lendarys,Animation,5.7,86,85
Rafadan Tayfa: Kapadokya,Animation,6.7,110,84
Gracie and Pedro: Pets to the Rescue,Animation,5.1,259,87
SuperKlaus,Animation,4.3,191,88
Schirkoa: In Lies We Trust,Animation,5.6,153,103
The Casagrandes Movie,Animation,5.6,652,89
Diplodocus,Animation,6.4,159,90
Jon Vardar protiv Galaksijata,Animation,8.9,60,86
The Big Trip 3: Race Around the World,Animation,5.7,50,85
"Maya, donne-moi un titre",Animation,6.4,47,61
Little Emma,Animation,5.7,102,106
Elli and the Ghostly Ghost Train,Animation,5.0,89,86
Mariposas Negras,Animation,7.0,46,83
Bocchi the Rock! Re:,Animation,7.5,142,90
Sabbath Queen,Animation,8.0,59,105
Out of the Nest,Animation,7.5,102,84
Fureru,Animation,6.4,23,107
Dead Dead Demon's Dededede Destruction,Animation,7.0,136,120
Movie Given Hiiragi Mix.,Animation,7.4,135,70
Living Large,Animation,7.8,100,80
Nie Xiaoqian,Animation,6.4,15,112
Kvitebjørn,Animation,5.9,51,85
"Die Heinzels: Neue Mützen, Neue Mission",Animation,6.4,70,76
Slocum et moi,Animation,7.4,64,75
Dongeng Sang Kancil,Animation,8.1,77,99
Hola Frida,Animation,7.3,21,82
Angelo dans la forêt mystérieuse,Animation,6.0,106,81
The Storm,Animation,6.1,135,102
Il segreto di Liberato,Animation,7.3,210,90
Bocchi the Rock! Re: Re:,Animation,7.9,87,77
Sanatorium Under the Sign of the Hourglass,Animation,5.3,90,75
"Robotia, the Movie",Animation,8.1,20,86
PAPmusic - Animation for Fashion,Animation,1.0,124,85
Niko: Beyond the Northern Lights,Animation,6.3,298,86
Yumi's Cells: The Movie,Animation,6.2,48,93
Rock Bottom,Animation,7.0,38,86
Quo Vadis,Animation,6.6,330,90
The Proud Princess,Animation,7.1,98,84
Tri kota. Zimnie kanikuly,Animation,6.1,27,65
Si Juki the Movie: Harta Pulau Monyet,Animation,6.0,114,107
Into the Mortal World,Animation,6.8,137,118
TWST: Things We Said Today,Animation,6.9,43,86
Transformers: 40th Anniversary Event,Animation,7.2,28,96
Goldbeak,Animation,4.9,126,94
Askepote,Animation,3.5,80,72
Masha i Medved v kino: Park chudes,Animation,7.0,16,58
Steal the Naughty List,Animation,6.7,113,90
Rocket Club: Across the Cosmos,Animation,8.2,18,68
Mustafa,Animation,6.9,73,75
Dikkie Dik 2: Een Nieuwe Vriend voor Dikkie Dik,Animation,7.4,71,70
Norbert,Animation,6.7,10,75
Maxxie LaWow: Drag Super-shero,Animation,8.9,54,114
Flavors of Iraq,Animation,8.1,36,95
Benjamin Bat,Animation,8.1,28,75
Olivia & the Clouds,Animation,7.2,44,81
Trapezium,Animation,6.4,133,102
Pui Pui Molcar the Movie: Molmax,Animation,7.0,7,69
Boonie Bears: Time Twist,Animation,6.0,162,105
Dikkie Dik en de Verdwenen Knuffel,Animation,7.2,125,62
Kuramerukagari,Animation,5.8,79,61
Dead Dead Demon's Dededede Destruction Zenpen,Animation,7.0,137,120
The Greatest Surf Movie in the Universe,Animation,5.4,8,81
Meitantei Conan Bâsasu Kaitô Kiddo,Animation,6.2,152,81
Hello My Beautiful Creatures,Animation,6.8,169,142
Animal Tales of Christmas Magic,Animation,6.8,50,72
A Few Moments of Cheers,Animation,7.4,24,68
The Umbrella Fairy,Animation,5.5,48,95
Sunburnt Unicorn,Animation,7.4,9,81
Motu Patlu & The Race to the Diamond Valley,Animation,7.8,27,72
Tay 2: Ebabil Takimi,Animation,5.5,35,78
Code Geass: Rozé of the Recapture - Part 1,Animation,7.9,39,74
Formula vody,Animation,4.3,27,86
Love Live! Nijigasaki High School Idol Club Final Chapter Part 1,Animation,6.5,8,59
Riki Rhino: The Bird Kingdom,Animation,5.0,22,109
Uma & Haggen: Mitos,Animation,7.4,44,94
Motu Patlu & The Rise of Zombies,Animation,6.6,15,74
Lilla spöket Laban spökar igen,Animation,6.1,23,44
Tobias and the Arcane Merchant,Animation,9.0,42,167
Tri bogatyrya. Ni dnya bez podviga,Animation,5.7,62,61
Luv You Shankar,Animation,5.8,43,120
Arne Alligator och djungelkompisarna,Animation,4.6,48,61
The Ballad of Straw Hat Sam,Animation,9.2,10,45
Ya Boy Kongming! Road to Summer Sonia,Animation,7.5,38,119
Ugly Sweater,Animation,7.1,13,80
The Car Acrobatic Team Saga,Animation,8.0,9,112
Code Geass: Rozé of the Recapture: Part 2,Animation,8.1,24,76
Astra,Animation,6.8,8,80
Bob a Bobek ve filmu: Na stope Mrkvojeda,Animation,8.7,18,80
Turbozavry. God drakona,Animation,9.2,42,48
Bizarros Peixes das Fossas Abissais,Animation,8.4,8,75
Velký Pán,Animation,7.0,8,73
Terra Incognita 1901,Animation,9.2,13,78
Abá e Sua Banda,Animation,8.0,6,84
Let's Go! Anpanman: Baikinman and Lulun,Animation,6.5,7,64
2475 Dawn of Revolution,Animation,6.3,152,127
Skazochnyy patrul. Shou prodolzhayetsya,Animation,7.2,11,65
Code Geass: Rozé of the Recapture: Part 3,Animation,7.7,22,76
Pleasant Goat and Big Big Wolf: The World Guardians,Animation,7.0,11,96
"Hey, Tete",Animation,6.4,9,151
Zuzubalândia: O Filme,Animation,5.6,10,60
Babaee-ye Ghahreman,Animation,8.5,35,80
Ninja Doomscrolling,Animation,8.1,102,96
Code Geass: Rozé of the Recapture: Part 4,Animation,7.0,12,70
Nasreddin Hoca: Zaman Yolcusu - Kadim Medeniyetler,Animation,7.7,12,78
Ekip: Siberay - Günes Firtinasi,Animation,6.0,14,72
LUDA,Animation,7.2,6,86
Bie ba zuo wen dang hui shi er,Animation,7.2,10,89
Sirds likums,Animation,6.8,17,65
Anora,Comedy,7.6,151K,139
A Real Pain,Comedy,7.1,76K,90
Emilia Pérez,Comedy,5.4,84K,132
Paddington in Peru,Comedy,6.7,17K,106
Saturday Night,Comedy,6.9,29K,109
Riff Raff,Comedy,6.3,812,103
A Different Man,Comedy,6.9,27K,112
Kinds of Kindness,Comedy,6.5,58K,164
Beetlejuice Beetlejuice,Comedy,6.7,143K,105
Fly Me to the Moon,Comedy,6.6,48K,132
Friendship,Comedy,7.5,210,100
Nightbitch,Comedy,5.6,18K,99
My Old Ass,Comedy,6.9,37K,89
It's What's Inside,Comedy,6.6,41K,103
Ghostbusters: Frozen Empire,Comedy,6.1,92K,115
The Idea of You,Comedy,6.3,72K,115
Kneecap,Comedy,7.6,17K,105
Mean Girls,Comedy,5.5,37K,112
Snack Shack,Comedy,7.0,11K,112
Eephus,Comedy,7.0,278,98
Distant,Comedy,5.7,3K,87
Greedy People,Comedy,6.2,11K,112
Jönssonligan kommer tillbaka,Comedy,6.0,1K,104
A Family Affair,Comedy,5.3,36K,111
Miller's Girl,Comedy,5.2,23K,93
Unfrosted,Comedy,5.5,34K,97
Ricky Stanicky,Comedy,6.2,55K,113
Incoming,Comedy,5.8,13K,91
Dìdi,Comedy,7.3,12K,93
The Uninvited,Comedy,5.9,138,97
Sacramento,Comedy,7.0,133,84
Stree 2: Sarkate Ka Aatank,Comedy,6.9,41K,147
A Nice Indian Boy,Comedy,7.2,149,96
How to Make Millions Before Grandma Dies,Comedy,8.0,13K,125
Find Me Falling,Comedy,6.3,12K,93
The Gutter,Comedy,5.4,436,92
Upgraded,Comedy,6.1,29K,104
Boot Camp,Comedy,5.8,1K,94
Lisa Frankenstein,Comedy,6.1,28K,101
We're All Gonna Die,Comedy,8.4,79,110
The Marching Band,Comedy,7.5,2K,103
Mother of the Bride,Comedy,4.8,17K,88
Manamey,Comedy,5.5,559,155
Irish Wish,Comedy,5.2,21K,93
The Visitor,Comedy,4.3,190,101
Sister Midnight,Comedy,6.6,260,107
Bob Trevino Likes It,Comedy,8.2,311,102
Chosen Family,Comedy,4.6,258,88
The Grinch That Stole Bitches,Comedy,7.1,36,74
Psycho Therapy: The Shallow Tale of a Writer Who Decided to Write about a Serial Killer,Comedy,8.5,72,102
Lumina,Comedy,2.1,635,113
Narayaneente Moonnaanmakkal,Comedy,6.7,670,108
Players,Comedy,5.7,12K,105
Our Little Secret,Comedy,5.7,23K,101
The Problem with People,Comedy,5.8,326,102
The American Society of Magical Negroes,Comedy,3.7,12K,104
On Becoming a Guinea Fowl,Comedy,7.2,636,99
I Don't Understand You,Comedy,7.1,69,96
Munjya,Comedy,6.3,25K,123
Dear Santa,Comedy,5.4,18K,107
The Best Christmas Pageant Ever,Comedy,6.8,6K,99
Turn Me On,Comedy,5.6,436,99
Swimming Home,Comedy,4.9,356,99
Bhool Bhulaiyaa 3,Comedy,4.7,77K,158
The Balconettes,Comedy,6.3,738,104
Modi: Three Days on the Wing of Madness,Comedy,5.6,410,110
Madgaon Express,Comedy,7.0,41K,143
Vulgar,Comedy,6.7,103,103
Standing on the Shoulders of Kitties,Comedy,6.2,488,111
The Merry Gentlemen,Comedy,4.8,10K,87
Arthur's Whisky,Comedy,4.5,806,94
Shell,Comedy,6.7,65,100
Street Trash,Comedy,4.4,744,85
Am I Racist?,Comedy,6.7,16K,100
Adult Best Friends,Comedy,7.5,62,90
Desert Fiends,Comedy,8.5,380,106
Bad Shabbos,Comedy,7.3,134,84
Alter weißer Mann,Comedy,6.2,611,114
Spread,Comedy,5.7,634,112
Hot Frosty,Comedy,5.3,14K,92
Sex-Positive,Comedy,4.1,655,85
Khel Khel Mein,Comedy,6.5,27K,135
Time Travel Is Dangerous,Comedy,6.3,87,99
Bloody Axe Wound,Comedy,4.8,472,83
Treasure,Comedy,6.3,2K,111
Wallbanger,Comedy,5.7,640,118
My Melbourne,Comedy,7.5,38,100
Three Friends,Comedy,6.6,602,117
Unspeakable: Beyond the Wall of Sleep,Comedy,5.9,37,90
The Gentleman,Comedy,7.9,94,103
I Love You Forever,Comedy,6.2,90,89
The Astronaut Lovers,Comedy,7.1,548,116
Running on Empty,Comedy,4.9,532,91
The Trainer,Comedy,7.2,52,95
Premalu,Comedy,7.8,19K,156
Autumn and the Black Jaguar,Comedy,5.6,961,100
Peacock,Comedy,7.2,313,102
Longing,Comedy,4.7,775,111
Harry Potter and the Stone,Comedy,8.0,155,152
Diamanti,Comedy,7.0,968,135
Jim's Story,Comedy,6.8,826,101
Young Werther,Comedy,5.7,202,101
Crew,Comedy,5.8,37K,118
Mittran Da Challeya Truck Ni,Comedy,8.3,686,131
Half Baked: Totally High,Comedy,4.6,339,97
The Real Bros of Simi Valley: The Movie,Comedy,7.1,1K,106
Seven Cemeteries,Comedy,4.5,497,84
Layla,Comedy,6.1,329,100
A Hip Hop Story,Comedy,8.7,105,90
How Could I Live Without You?,Comedy,6.9,923,105
Audrey,Comedy,5.7,280,97
Mukadderat,Comedy,7.3,486,90
Perfect Endings,Comedy,5.5,184,100
Operation Taco Gary's,Comedy,6.5,26,88
And Mrs,Comedy,5.8,682,111
Little Death,Comedy,5.4,200,110
The Present,Comedy,5.5,850,86
The Groomsmen: First Look,Comedy,6.1,377,82
The Lifeguards,Comedy,3.9,136,107
Dead Talents Society,Comedy,7.4,799,105
Two to One,Comedy,6.0,690,116
À bicyclette!,Comedy,7.1,131,90
Teri Baaton Mein Aisa Uljha Jiya,Comedy,6.2,54K,141
Stress Positions,Comedy,5.0,609,95
Vicky Vidya Ka Woh Wala Video,Comedy,5.2,11K,152
Dog on Trial,Comedy,6.1,578,83
Man and Witch: The Dance of a Thousand Steps,Comedy,5.5,326,94
Killer Body Count,Comedy,4.7,633,109
Crackcoon,Comedy,3.6,400,88
Still Fabulous,Comedy,4.9,839,92
Griffin in Summer,Comedy,7.2,152,90
El Heredero,Comedy,8.2,35,103
Four Mothers,Comedy,7.6,85,89
Paying for It,Comedy,7.6,92,85
Feeling Randy,Comedy,7.8,460,81
The Throwback,Comedy,5.5,341,96
Frankie Freako,Comedy,5.6,1K,85
Stealing Pulp Fiction,Comedy,6.3,18,78
Música,Comedy,6.4,5K,91
Books & Drinks,Comedy,6.5,75,94
Corina,Comedy,7.6,270,96
Beyond the Likes,Comedy,6.9,16,110
The Deb,Comedy,7.7,68,121
Rockbottom,Comedy,7.4,82,82
How to Make a Killing,Comedy,6.6,675,109
The Private Eye,Comedy,3.6,126,115
Bau: Artist at War,Comedy,7.1,52,130
The Christmas Letter,Comedy,4.1,176,94
Good Bad Things,Comedy,5.8,187,96
Meet the Barbarians,Comedy,6.5,419,101
Una Pequeña Confusion,Comedy,6.2,204,107
Destroy All Neighbors,Comedy,5.3,2K,85
Camp Crasher,Comedy,5.4,778,95
Retreat Vama Veche,Comedy,3.9,914,90
Wild Wild Punjab,Comedy,6.2,15K,109
Marcello Mio,Comedy,5.9,868,120
Shabab Albomb,Comedy,4.7,197,105
Tim Travers & the Time Travelers Paradox,Comedy,6.9,273,95
À l'ancienne,Comedy,4.5,248,89
Almost Paradise,Comedy,6.5,530,120
Rap World,Comedy,7.8,484,56
The Holiday List,Comedy,4.3,194,85
The Black Sea,Comedy,8.0,74,96
U Are the Universe,Comedy,7.8,232,90
Mr. Manhattan,Comedy,6.7,430,110
Sew Torn,Comedy,6.6,191,100
Suspended Time,Comedy,5.3,278,105
Der Buchspazierer,Comedy,7.3,354,98
Triumph,Comedy,5.7,116,98
Nuked,Comedy,7.9,42,86
Believe in Christmas,Comedy,6.1,820,90
My Annoying Brother,Comedy,7.5,177,114
Breakup Season,Comedy,5.8,303,102
Alles Fifty Fifty,Comedy,6.3,413,113
Dear Paris,Comedy,5.6,299,108
Last Night at Terrace Lanes,Comedy,4.3,613,75
Mascarpone: The Rainbow Cake,Comedy,6.1,476,105
Going Viral,Comedy,6.8,50,90
Bad Newz,Comedy,4.7,26K,142
Empire Waist,Comedy,6.6,162,97
Fierce Killer Marsupial,Comedy,2.4,30,86
Blackout,Comedy,6.1,10K,122
Victory,Comedy,6.4,219,120
Divorce,Comedy,5.8,735,91
A Trip Elsewhere,Comedy,5.6,94,93
Jamais sans mon psy,Comedy,5.0,179,91
Cheerleaders Behaving Badly,Comedy,7.9,8,120
Something's More Than One Thing,Comedy,9.0,90,110
Bermondsey Tales: Fall of the Roman Empire,Comedy,4.4,174,99
(Un)lucky Sisters,Comedy,5.2,851,82
Funny Birds,Comedy,5.6,221,97
Murder Mubarak,Comedy,5.8,51K,140
Super Happy Forever,Comedy,6.9,165,94
Throuple,Comedy,6.7,61,92
Cocaine Werewolf,Comedy,2.3,295,80
Auction,Comedy,6.4,859,91
Reine Mère,Comedy,5.1,35,93
Sur un fil,Comedy,6.6,62,116
Sahbek Rajel,Comedy,9.1,60,145
Mother Father Sister Brother Frank,Comedy,5.9,178,85
"Love, Danielle",Comedy,8.9,38,79
What a Feeling,Comedy,6.5,213,110
The Solitary Gourmet,Comedy,7.7,68,110
Graveyard Shark,Comedy,3.3,211,97
Sketch,Comedy,8.3,42,92
U.S. Palmese,Comedy,7.2,24,120
Ballot,Comedy,6.3,210,102
And the Breadwinner Is...,Comedy,6.8,241,123
Tezgah,Comedy,5.5,69,100
Switch Up,Comedy,8.6,27,105
Haunt Season,Comedy,4.9,758,81
Kangaroo Island,Comedy,7.5,24,113
Another Cabin in the Woods Movie,Comedy,4.8,190,77
Holy Cash,Comedy,7.5,22,94
Barbie & Kendra Crash Joe Bob's Drive-In Jamboree,Comedy,4.8,106,51
This Life of Mine,Comedy,5.5,212,99
Swede Caroline,Comedy,5.4,222,98
Say a Little Prayer,Comedy,8.4,41,103
A Gangster's Kiss,Comedy,4.9,45,81
Efsane,Comedy,5.1,1K,105
Disaster Holiday,Comedy,4.8,671,93
The Missile,Comedy,6.6,990,110
Chainsaws Were Singing,Comedy,7.2,341,117
I Am Kathalan,Comedy,6.8,996,115
Ajosepo,Comedy,8.7,52,134
2nd Miracle in Cell No. 7,Comedy,7.8,199,147
Boxcutter,Comedy,9.2,10,93
Jamie Foxx: What Had Happened Was...,Comedy,5.8,2K,68
Finalement,Comedy,5.6,231,127
Marry Christmas,Comedy,6.9,57,85
I Can't Live Without You,Comedy,5.0,788,112
La casa,Comedy,7.0,907,83
When in Rome,Comedy,6.1,724,98
Love... Reconsidered,Comedy,4.3,128,88
Mord,Comedy,6.9,121,84
Trisha on the Rocks,Comedy,5.2,3K,172
Girl Meets Boy,Comedy,4.6,54,99
The Everything Pot,Comedy,7.4,29,90
Crust,Comedy,6.2,218,102
Do Aur Do Pyaar,Comedy,6.4,12K,140
The Contract,Comedy,3.7,109,90
Clickbait: Unfollowed,Comedy,5.0,563,90
Down the Rabbit Hole,Comedy,5.6,535,102
Om Bheem Bush,Comedy,5.5,1K,150
The Trainers,Comedy,5.5,274,90
Doin' It,Comedy,5.8,42,92
A Vilã das Nove,Comedy,6.5,62,103
¿Vienes o Voy?,Comedy,6.7,15,94
De Z van Zus,Comedy,6.6,405,120
En tongs au pied de l'Himalaya,Comedy,6.6,103,93
Dirty Ice Cream,Comedy,4.5,116,47
Extremely Unique Dynamic,Comedy,7.8,337,73
My Divorce Party,Comedy,3.5,190,91
Veni Vidi Vici,Comedy,5.8,324,86
L'amore e altre seghe mentali,Comedy,5.3,155,88
The Art of Nothing,Comedy,5.2,93,90
Jack in Time for Christmas,Comedy,4.6,1K,66
Waarom Wettelen,Comedy,6.4,405,106
Hahacar,Comedy,7.1,300,135
Transilvanian Ninja,Comedy,5.2,104,90
Victoria må dø,Comedy,5.9,347,85
Technoboys,Comedy,5.2,959,109
Verliefd op Bali,Comedy,5.1,290,113
Menudas piezas,Comedy,5.8,578,99
El Roomie,Comedy,5.8,302,99
1995,Comedy,6.8,582,120
Umjolo: The Gone Girl,Comedy,4.4,263,92
Juliette au printemps,Comedy,6.5,217,95
Plastic Guns,Comedy,6.3,589,95
A European Christmas,Comedy,4.7,184,90
N'avoue jamais,Comedy,5.8,432,94
The Great Salish Heist,Comedy,7.1,27,95
"Hemet, or the Landlady Don't Drink Tea",Comedy,4.3,85,89
I Hate Myself and Want to Die,Comedy,9.7,12,85
Killer Babes,Comedy,3.5,282,94
Romeo è Giulietta,Comedy,6.3,388,105
Boy Kaldag,Comedy,5.0,40,94
Space Sharks,Comedy,1.5,312,70
National Theatre Live: Nye,Comedy,8.0,255,160
A Halloween Feast,Comedy,5.5,780,103
Not Your Average Family,Comedy,5.6,105,97
Der Spitzname,Comedy,5.8,453,90
Transmitzvah,Comedy,4.4,313,100
Once Upon a Christmas Wish,Comedy,6.1,313,90
La petite vadrouille,Comedy,5.6,356,96
Challenger,Comedy,5.7,147,95
The Pee Pee Poo Poo Man,Comedy,8.4,15,79
"Silent Night, Bloody Night 3: Descent",Comedy,3.9,155,100
La famille Hennedricks,Comedy,5.1,161,85
King of My Castle,Comedy,4.9,407,109
In Good Hands 2,Comedy,5.3,918,99
Father There is Only One 4,Comedy,5.2,601,90
Miss Boots,Comedy,7.2,124,111
Kale Lagan Chhe!?!,Comedy,7.2,164,115
U Pana Boga w Królowym Moscie,Comedy,4.2,133,132
Grrr...,Comedy,4.0,805,121
Tous toqués !,Comedy,6.3,175,112
Anthony Rodia Totally Relatable,Comedy,6.4,36,77
Suckers,Comedy,3.2,116,67
Salitan,Comedy,5.0,241,105
Estômago II: O Poderoso Chef,Comedy,5.8,311,131
À toute allure,Comedy,5.3,157,86
Mamífera,Comedy,6.6,415,93
Jerry,Comedy,8.7,122,116
Sin instrucciones,Comedy,6.6,74,99
Tre menn til Vilma,Comedy,6.8,176,92
Anyone But Her,Comedy,4.9,275,93
Überall gibt es ein Hausen,Comedy,9.1,12,102
De Jackpot,Comedy,4.7,106,103
Seni Memahami Kekasih,Comedy,8.0,59,91
Queens of Drama,Comedy,6.4,170,114
Murder and Cocktails,Comedy,4.0,357,88
Local Kung Fu 3,Comedy,9.2,30,136
Hannah Berner: We Ride at Dawn,Comedy,6.0,637,50
Dog Days,Comedy,6.7,298,120
I Want to Be Neenja! The Movie,Comedy,3.9,381,90
Fruitcake,Comedy,5.4,118,97
You Are Not Alone,Comedy,6.2,61,105
Mountain Shark,Comedy,5.1,96,81
Thaanara,Comedy,4.4,778,118
The Happiness I Have,Comedy,5.7,199,103
Shukrana,Comedy,7.7,89,117
Erdal ile Ece 2,Comedy,4.8,794,102
4 Zéros,Comedy,3.5,126,105
Mustafar Takes Los Angeles: A Live Staged Reading of Star Wars: Episode III,Comedy,7.9,22,175
Idiyan Chandhu,Comedy,4.7,204,120
One Night in Tokyo,Comedy,8.1,38,95
Air Fryer Slaughter,Comedy,7.0,358,90
Messy,Comedy,6.2,14,90
Wishing on a Star,Comedy,6.6,115,99
Breakfast with Giraffes,Comedy,6.4,497,97
Sad Jokes,Comedy,6.6,65,96
Nado snimat filmy o lyubvi,Comedy,7.8,29,73
Shannon Matthews the Musical the Movie,Comedy,8.0,176,91
Female 4,Comedy,7.5,98,81
That Kind of Love,Comedy,5.8,299,136
Thekku Vadakku,Comedy,3.9,305,130
Wieczór kawalerski,Comedy,4.8,432,85
Takintilar,Comedy,2.4,976,96
Vidente por Acidente,Comedy,5.0,72,93
Karataka Dhamanaka,Comedy,4.7,319,156
The Great Nick D,Comedy,8.8,10,95
"María, Me Muero",Comedy,5.3,69,93
Maybe Baby 2,Comedy,5.6,520,105
100 litraa sahtia,Comedy,7.1,21,88
Nick and Nicky,Comedy,8.6,63,112
Ek Daav Bhootacha,Comedy,5.6,110,146
My Wifes X,Comedy,6.4,728,101
Cuerpo escombro,Comedy,4.8,500,95
Empire Queen: The Golden Age of Magic,Comedy,3.2,204,148
Massacre at Femur Creek,Comedy,7.5,377,82
Belyakovy v otpuske,Comedy,4.7,202,90
Game On,Comedy,2.6,347,85
¿Quién es quién?,Comedy,6.2,50,95
Morando com o Crush,Comedy,5.4,166,90
Another German Tank Story,Comedy,6.1,53,96
Kyuka: Before Summer's End,Comedy,6.9,84,103
Illegal Hayatlar: Meclis,Comedy,6.8,817,115
Os Farofeiros 2,Comedy,5.7,449,104
Vadakkupatti Ramasamy,Comedy,6.2,1K,146
My Ex's Wedding,Comedy,8.5,43,95
Amazon Bullseye,Comedy,5.3,181,113
My Boyfriend Is a Sex Worker,Comedy,4.8,13,50
The Property,Comedy,7.6,51,110
Hotel Bitcoin,Comedy,4.9,349,101
Pilot,Comedy,6.2,750,110
Nadikar,Comedy,5.3,443,142
The Boys,Comedy,4.7,136,131
Staycation,Comedy,7.1,102,94
L'heureuse élue,Comedy,5.3,198,91
Members Club,Comedy,4.7,152,90
Group Therapy,Comedy,6.2,24,86
Swargathile Katturumbu,Comedy,4.2,649,139
For Prophet,Comedy,5.4,104,105
Re:Human,Comedy,5.8,40,108
Maybe More,Comedy,6.3,426,77
Kang Mak,Comedy,6.4,760,122
Amiche mai,Comedy,7.1,12,90
Rent Free,Comedy,7.8,63,93
Mala persona,Comedy,5.2,366,99
Filthy Animals,Comedy,7.4,87,96
Don't Be Embarrassed 2,Comedy,3.3,230,95
"Aku Jati, Aku Asperger",Comedy,8.6,16,88
Yolki 11,Comedy,4.7,163,92
King Baby,Comedy,7.0,23,88
Amityville Bigfoot,Comedy,3.0,139,88
More na dvoikh,Comedy,5.6,19,82
A Little Family Drama,Comedy,8.8,156,87
Lyubvi ne byvaet?,Comedy,5.4,152,105
Killington,Comedy,2.8,164,87
Scared Shitless,Comedy,6.1,204,76
Carnage for Christmas,Comedy,4.5,335,69
Matchmaking 2,Comedy,6.5,56,110
Kyllä isä osaa -elokuva,Comedy,5.3,483,88
Portraits of Dangerous Women,Comedy,6.8,51,93
Odd Fish,Comedy,7.9,48,104
Micro Budget,Comedy,8.5,28,88
December 31st Express,Comedy,6.8,273,85
Mi Perfecto Ex,Comedy,7.4,18,83
Feste & Freunde - Ein Hoch auf uns!,Comedy,7.5,90,107
Ma chi ti conosce,Comedy,5.9,128,105
Stinky Summer,Comedy,5.9,45,90
Intention,Comedy,9.0,53,46
Zim Zim Ala Kazim,Comedy,3.5,107,100
Intercambiadas,Comedy,6.5,50,97
50 km/h,Comedy,6.1,575,110
Snow Valley,Comedy,2.8,335,75
200KG Vampire,Comedy,5.2,29,93
Badaa Saat Fi Yawman Ma,Comedy,6.3,87,100
The Holiday Club,Comedy,6.6,345,88
Lagan Special,Comedy,6.1,601,110
Poppay Ki Wedding,Comedy,8.8,75,127
Fortune Feimster: Crushing It,Comedy,6.9,624,58
Kidnapping Inc.,Comedy,6.6,225,107
Hiçbir Sey Normal Degil,Comedy,6.6,53,71
Being Blanche Houellebecq,Comedy,5.9,250,88
Day Trippers,Comedy,6.0,15,97
My Redneck Neighbor: Chapter 1 - The Rednecks Are Coming,Comedy,5.0,7,74
Cabaret Total,Comedy,7.8,28,90
Foul Evil Deeds,Comedy,7.0,30,108
K3 en Het Lied van de Zeemeermin,Comedy,6.2,47,104
De Break-Up Club,Comedy,6.3,180,102
One Million Babes BC,Comedy,3.3,35,75
Culpa cero,Comedy,5.9,339,106
Powder Pup,Comedy,6.2,73,89
The Fisherman,Comedy,7.1,41,105
Double Blended,Comedy,5.5,51,87
Lula Leblanc,Comedy,7.1,37,96
Bloody Bridget,Comedy,7.1,53,81
The Man Who Loved UFOs,Comedy,5.2,585,107
Frka,Comedy,7.5,69,109
35-Chinna Katha Kaadu,Comedy,7.9,992,145
Jhamkudi,Comedy,6.6,977,151
404 Run Run,Comedy,5.9,123,104
O Clube das Mulheres de Negócios,Comedy,4.8,92,95
Chico Bento e a Goiabeira Maraviosa,Comedy,7.8,453,90
Enchanting Christmas,Comedy,6.4,348,91
Just Now Jeffrey,Comedy,9.2,57,120
Goreyan Naal Lagdi Zameen Jatt Di,Comedy,7.7,27,108
Aumenta que é Rock'n'Roll,Comedy,7.2,270,112
Son of a Rich 2,Comedy,5.7,1K,114
Mandira,Comedy,6.0,992,121
Samana Sunrise,Comedy,6.5,61,100
Terrornet,Comedy,3.8,82,88
ReEmigrantai 2,Comedy,6.8,67,95
Kodaikanal,Comedy,9.2,67,173
Un lío de millones,Comedy,6.0,50,91
"Snow, Tea and Love 2: With a Little Luck",Comedy,3.9,260,97
Honey Money Phony,Comedy,6.2,168,115
Letuchiy korabl,Comedy,3.8,290,100
Mikka Bannada Hakki,Comedy,9.0,11,90
Clown II,Comedy,7.5,12,141
About Family,Comedy,7.9,99,106
Head South,Comedy,6.8,219,98
Solos en la noche,Comedy,5.8,92,88
2 Fingers Honey 2,Comedy,7.1,90,106
Andrea Gets a Divorce,Comedy,6.5,685,94
Mud Key,Comedy,7.5,26,76
Builder Boys,Comedy,6.6,166,122
Tulnukas 2 ehk Valdise tagasitulek 17 osas,Comedy,6.6,590,99
Riders,Comedy,6.4,444,105
Negeri Para Ketua,Comedy,8.6,14,106
The Rebellious,Comedy,4.3,147,77
Last ExMas,Comedy,5.5,327,84
The French Italian,Comedy,6.5,45,92
Bis Repetita,Comedy,5.8,356,86
The Heartbreak Agency,Comedy,5.3,710,94
Bodegón con fantasmas,Comedy,6.5,147,88
4PM,Comedy,6.2,36,111
Family Therapy,Comedy,6.1,150,122
To nie mój film,Comedy,7.3,89,99
C'est le monde à l'envers !,Comedy,5.3,86,114
Le panache,Comedy,6.7,69,93
An Abandoned Team,Comedy,6.9,74,107
Luottomies-elokuva: All In,Comedy,6.0,946,93
Face Off 7: One Wish,Comedy,7.3,339,138
Zamora,Comedy,6.8,365,99
Yo no soy esa,Comedy,4.9,270,95
Seoulmeyt,Comedy,4.0,23,118
Vil & Misérable,Comedy,7.2,53,114
Teasing Master Takagi-san Movie,Comedy,6.7,279,119
Martín García,Comedy,7.0,11,82
Tulang Belulang Tulang,Comedy,7.0,38,95
For Sale,Comedy,4.8,663,115
Joli joli,Comedy,6.1,85,116
Scrambled,Comedy,7.8,15,76
Gandriz Vecpuisis,Comedy,6.0,60,91
The Heirloom,Comedy,6.9,38,87
Na Baligh Afraad,Comedy,6.0,128,104
Just a Couple of Days,Comedy,6.0,199,103
La Petite et le Vieux,Comedy,6.8,126,105
I Not Stupid 3,Comedy,6.5,214,132
Zahradníkuv rok,Comedy,6.5,162,104
Udan Chhoo,Comedy,7.7,311,134
Arap Kadri,Comedy,3.8,302,97
Birds Flying East,Comedy,5.8,557,100
All the Wrong Ingredients,Comedy,5.2,70,87
Kevin James: Irregardless,Comedy,5.7,847,62
Caras Vemos,Comedy,4.5,124,103
Do I Shock U Like Lightning,Comedy,9.2,18,97
Penguin Girl,Comedy,6.8,5,98
Soft Love,Comedy,6.6,34,114
Baba Yaga spasaet Novyy god,Comedy,4.4,113,99
Doctor Doctor,Comedy,8.2,125,98
Políticamente incorrectos,Comedy,5.2,571,90
Fragments of Us,Comedy,8.3,8,49
Heads or Fails,Comedy,8.1,14,86
Christmas Overtime,Comedy,5.2,20,92
Miracle Mile,Comedy,8.7,27,82
Salsa,Comedy,5.7,256,100
Hawaii,Comedy,2.5,250,82
February,Comedy,8.9,28,49
Bachelor Party,Comedy,5.2,333,145
Lambran da Laana,Comedy,6.1,38,130
This is Not a Christmas Movie,Comedy,6.2,317,105
Shinda Shinda No Papa,Comedy,5.8,611,135
Çakallarla Dans 7,Comedy,4.3,166,109
Fakt Purusho Maate,Comedy,7.2,266,136
The Late Game,Comedy,4.6,307,85
Sevmek Yüzünden,Comedy,3.6,615,104
Bad Director,Comedy,5.3,81,131
Døde menn går på ski,Comedy,5.5,188,89
Vive e Deixa Andar,Comedy,6.3,50,107
A Nice Jewish Boy,Comedy,6.2,301,89
Kuch Khattaa Ho Jaay,Comedy,5.5,5K,125
Ilana Glazer: Human Magic,Comedy,6.2,295,55
Drie dagen vis,Comedy,7.3,113,85
My Boo,Comedy,6.1,653,125
Konets Slavy,Comedy,5.4,231,95
Lantrani,Comedy,5.1,468,99
The Ring,Comedy,7.7,117,120
Navra Maza Navsacha 2,Comedy,5.3,497,143
Ici et là-bas,Comedy,5.3,247,90
Al otro barrio,Comedy,5.3,61,108
"Don't Cry, Butterfly",Comedy,6.4,107,97
The Haunted Studio,Comedy,3.8,170,90
Don Dukun,Comedy,7.0,48,98
Future Date,Comedy,6.6,120,82
La familia Benetón,Comedy,4.4,384,93
Férias Trocadas,Comedy,5.5,158,97
Carole & Grey,Comedy,8.1,14,70
Chicken Coop,Comedy,5.8,87,98
Spre punctul G,Comedy,6.1,114,84
Bored Games,Comedy,3.9,109,76
Sign Here,Comedy,6.2,242,100
Swamp Dogg Gets His Pool Painted,Comedy,8.9,39,95
"Gulay lang, manong",Comedy,7.0,22,90
Momma's Boy,Comedy,3.8,47,105
The Premiere,Comedy,9.0,11,81
Lobola Man,Comedy,4.6,201,108
Výjimecný stav,Comedy,5.3,110,101
Sunlight,Comedy,7.9,17,96
Dirty Laundry,Comedy,7.6,12,71
Der Vierer,Comedy,5.6,115,88
Larry Dean: Fudnut,Comedy,7.0,27,54
Bakkal Amca: Mahmut Tuncer,Comedy,3.8,208,106
La storia del Frank e della Nina,Comedy,7.7,52,105
Buscando a Coque,Comedy,5.4,343,90
The Grand Siege,Comedy,6.1,49,97
All In,Comedy,5.6,84,103
Pee Nak 4,Comedy,4.8,397,115
Vampire Zombies... From Space!,Comedy,7.6,59,98
K-Pops!,Comedy,7.1,55,114
Her Seyin Basi Merkür,Comedy,3.6,144,105
Alpacalypse,Comedy,5.6,26,77
Undying,Comedy,6.7,13,26
Amityville Turkey Day,Comedy,2.7,302,94
Finché notte non ci separi,Comedy,5.8,77,85
¿Es el enemigo? La película de Gila,Comedy,6.8,107,100
Scotoe,Comedy,5.1,373,85
The Shakedown,Comedy,5.0,304,104
Complotul Bonelor,Comedy,3.2,332,109
L'àvia i el foraster,Comedy,7.3,54,115
OMG: O Manchi Ghost,Comedy,5.2,585,125
Operation War Thunder,Comedy,5.3,116,74
Life Hotel,Comedy,6.6,150,118
Blood Mountain Massacre,Comedy,5.4,35,89
Ababooned,Comedy,6.5,122,94
"Kiss Me, Kate: The Musical",Comedy,7.7,26,161
Could Have Waited for August,Comedy,6.2,831,112
Kundannoorile Kulsitha Lahala,Comedy,8.4,282,147
Çilgin Dersane 5: Updated,Comedy,3.5,23,106
Sundaram Master,Comedy,6.2,387,122
Keep Rolling,Comedy,5.9,42,101
Neuilly-Poissy,Comedy,4.8,133,97
Modal Nekad,Comedy,7.7,85,107
The Last Frenzy,Comedy,5.3,214,107
Teriyaan Meriyaan Hera Pheriyan,Comedy,6.7,75,125
Die geschützten Männer,Comedy,5.4,39,104
Üç Günlük Dünya,Comedy,8.9,87,115
On aurait dû aller en Grèce,Comedy,4.5,26,81
Nakon ljeta,Comedy,6.0,183,98
Balas & Bolinhos: Só Mais uma Coisa,Comedy,6.3,376,113
The Honest Candidate,Comedy,5.3,293,96
Babli,Comedy,6.8,565,134
Table for Six 2,Comedy,5.4,312,133
Mind on kaks,Comedy,5.5,126,90
Fasel Men El Lahazat El Lazeeza,Comedy,6.6,844,122
Pretty Boys,Comedy,5.4,33,67
Gepack,Comedy,6.6,357,97
Isleen Pines,Comedy,5.2,539,84
Una Historia de Amor y Guerra,Comedy,6.0,27,111
Lail Nahar,Comedy,4.3,118,110
Jamalaye Jibonto Bhanu,Comedy,7.6,55,129
Ducobu passe au vert!,Comedy,4.0,124,90
Jeonde Raho Bhoot Ji,Comedy,5.3,137,112
Chabuca,Comedy,6.7,245,113
Karaoké,Comedy,5.6,146,89
Un monde merveilleux,Comedy,7.3,15,78
Tomten är far till alla barnen,Comedy,7.4,9,150
Mielensäpahoittajan rakkaustarina,Comedy,6.6,184,98
Dünya Varmis,Comedy,7.3,48,100
The Disruptors,Comedy,5.8,176,86
Marianengraben,Comedy,7.5,64,87
"Goodbye, Hello",Comedy,5.4,62,97
Dreaming of Lions,Comedy,7.0,25,88
Pad Gaye Pange,Comedy,8.4,175,118
Sei fratelli,Comedy,5.8,140,103
"Nosotros, los De la Fe",Comedy,7.9,48,118
Grand Finale,Comedy,6.6,123,135
Un altro ferragosto,Comedy,5.7,608,115
Perhoset,Comedy,6.5,130,98
Divine Remedy,Comedy,7.0,22,96
Opa Cor,Comedy,5.9,177,86
Håkan Bråkan 2,Comedy,5.4,128,92
Dreaming of You,Comedy,8.5,24,95
Traces of Love,Comedy,6.5,901,105
Elle & lui & le reste du monde,Comedy,5.7,106,85
How to Survive a Marriage?,Comedy,6.8,315,122
Paul and Paulette Take a Bath,Comedy,7.8,50,109
Io e te dobbiamo parlare,Comedy,4.2,137,95
Jeff Dunham's Scrooged-Up Holiday Special,Comedy,6.1,347,59
Headwind,Comedy,5.6,106,91
Harta Tahta Boru Ni Raja,Comedy,8.1,25,114
TKT,Comedy,7.5,38,83
Froggie,Comedy,7.6,11,90
Zbory OSBB,Comedy,6.9,480,90
Bratya,Comedy,3.1,105,103
Falla girare 2,Comedy,5.3,109,103
Un paseo por el Borne,Comedy,7.2,22,112
Best Man Dead Man,Comedy,7.8,7,83
A Hipster in Rural Spain,Comedy,4.5,585,97
All's Fair in Love,Comedy,6.3,16,115
Buenas Chicas,Comedy,5.3,161,120
My Future You,Comedy,8.5,45,109
Hannah Gadsby's Gender Agenda,Comedy,5.6,815,75
Vithaikkaran,Comedy,4.6,351,128
Me Contro Te - Il film: Operazione Spie,Comedy,4.3,46,62
Paranoya,Comedy,8.7,37,118
I Am Not Big Bird,Comedy,5.3,193,96
Touched by Eternity,Comedy,6.0,51,95
De Bellinga's: Pretpark op stelten,Comedy,3.1,123,70
Raju Yadav,Comedy,4.1,192,121
Chhakka Panja 5,Comedy,5.6,77,165
3 Schmucks,Comedy,8.4,150,91
Advent,Comedy,7.5,6,119
The Trophy Bride,Comedy,6.2,36,112
Cortina Express,Comedy,5.2,138,102
Oru Bharatha Sarkar Ulppannam,Comedy,8.7,46,115
Kudi Haryane Val Di,Comedy,6.2,306,162
Five Friends,Comedy,6.7,851,112
Sureshinteyum Sumalathayudeyum Hridayahariyaya Pranayakatha,Comedy,5.9,83,138
Miracle Mirrors,Comedy,6.5,107,103
Hunting Season 2,Comedy,4.2,284,90
Pagpag 24/7,Comedy,4.4,51,130
Silent Trilogy,Comedy,7.1,26,61
My Sassy Girl,Comedy,5.2,109,117
The Drop,Comedy,9.3,67,93
Aaram Aravinda Swamy,Comedy,9.4,327,132
Swag,Comedy,7.7,3K,150
This Is the Goat!,Comedy,5.3,281,100
Too Many Christmases,Comedy,7.8,457,92
G for Gap,Comedy,7.2,533,103
Partiu América,Comedy,4.6,241,100
Prathibha Tutorials,Comedy,4.0,117,117
Luigi's Mansion,Comedy,6.0,17,60
My Zombabe,Comedy,5.1,78,105
I symmoria tis symforas,Comedy,7.0,77,114
Tô de Graça: O Filme,Comedy,4.6,116,95
¿Quién quiere casarse con un Astronauta?,Comedy,8.7,10,94
Top 10 Must,Comedy,7.5,26,90
Panchavalsarapadhathi,Comedy,4.3,66,123
Amar Prem Ki Prem Kahani,Comedy,4.4,629,117
Daghabaaz Dil,Comedy,6.4,67,123
The Mother and the Bear,Comedy,7.5,26,100
Our Folks: The Beginning,Comedy,5.4,561,118
Choke,Comedy,7.9,19,98
Die Ironie des Lebens,Comedy,6.6,66,109
Un mal día lo tiene cualquiera,Comedy,5.1,234,78
Lineman,Comedy,6.3,60,121
Sharkers,Comedy,4.1,159,88
60 Miles North,Comedy,8.7,79,81
Or Utopia,Comedy,5.7,58,129
Striking the Palace,Comedy,6.0,264,87
Hinter dem Eisernen Horizont,Comedy,7.6,12,88
Doctor X: The Movie,Comedy,7.7,44,128
Degree Maila M.A 3rd Class,Comedy,6.2,552,151
Le beau rôle,Comedy,6.9,54,84
The Hedgehog,Comedy,6.7,665,104
Zyat,Comedy,4.2,108,80
Nemlizade,Comedy,5.7,130,100
Pourquoi tu souris?,Comedy,5.7,252,96
Abracadaver,Comedy,6.5,98,114
Mükemmel Aile,Comedy,6.1,11,87
The Nut Farm,Comedy,7.9,38,91
Look at Me,Comedy,5.9,15,87
Jorgovani,Comedy,5.7,610,83
Him,Comedy,7.1,19,80
Kasada Parti,Comedy,2.2,386,90
Trizombie,Comedy,7.5,56,82
Molière's Last Stage,Comedy,5.1,103,94
Es por su bien,Comedy,5.4,148,104
Bhalle Padharya,Comedy,7.9,142,118
Pérez Rodríguez,Comedy,8.6,37,103
Bed & Breakfast,Comedy,6.2,199,83
The Influencer,Comedy,4.5,15,89
Listy do M. Pozegnania i powroty,Comedy,6.0,308,123
Tom Papa: Home Free,Comedy,6.9,473,62
CHAAW: Chapter 3 - Christmas Time Is Here,Comedy,7.9,474,72
Good Guys Go to Heaven,Comedy,6.1,135,86
Skinny Love,Comedy,8.3,83,92
Love Lies,Comedy,7.3,245,114
Happiness Is,Comedy,3.8,291,96
Tschugger - Der Lätscht Fall,Comedy,8.1,162,147
Puffing Iron,Comedy,8.0,17,98
Pattaapakal,Comedy,2.6,220,104
Greice,Comedy,6.9,118,110
Tudo por um Pop Star 2,Comedy,5.6,56,74
#AAY,Comedy,6.4,789,142
Family Padam,Comedy,7.0,959,131
Upadhyaksha,Comedy,6.3,367,153
Nenormalnyy,Comedy,6.4,149,103
Mana Man,Comedy,4.7,76,103
A Wall Away,Comedy,5.0,75,90
Frendo,Comedy,8.5,181,146
Jacqueline Novak: Get on Your Knees,Comedy,6.7,850,94
Neelan & Kevin,Comedy,8.0,10,89
Yeni Hayat,Comedy,3.0,32,132
Locha Laapsi,Comedy,7.2,357,111
C Takimi,Comedy,4.0,421,135
Guardian,Comedy,4.1,663,120
Chal Bhajj Chaliye,Comedy,5.7,135,132
BROKE. ALONE. A kinky love story,Comedy,5.8,55,95
The Million Dollar Bet,Comedy,8.2,17,90
Pasutri Gaje,Comedy,5.9,324,109
Christmas in Lagos,Comedy,4.6,167,120
Jo Tera Hai Woh Mera Hai,Comedy,5.1,229,101
Domovyonok Kuzya,Comedy,6.5,801,90
A Soweto Love Story,Comedy,4.4,282,101
Mallandro: O Errado que Deu Certo,Comedy,5.8,144,96
Scarpedicemente,Comedy,8.5,32,86
Oru Kattil Oru Muri,Comedy,4.5,55,125
Boda Love,Comedy,8.2,13,107
Idiot Girls and School Ghost: School Anniversary,Comedy,7.3,43,90
Passagrana,Comedy,6.5,124,100
ED: Extra Decent,Comedy,6.3,2K,122
Swargarath,Comedy,7.5,51,95
Fin de fiesta,Comedy,7.7,55,103
Shanghai Story,Comedy,8.1,55,71
DND Betches!,Comedy,8.4,10,49
Betting with Ghost,Comedy,6.7,46,112
Un día en Culiacán,Comedy,6.6,12,105
Draugu lazybos,Comedy,5.9,271,105
Guy Friends,Comedy,5.7,22,84
Expeditie Cupido,Comedy,3.8,170,105
"De Repente, Miss!",Comedy,6.5,76,93
Parahuna 2,Comedy,6.7,80,115
Arzé,Comedy,7.6,123,90
Road Trip,Comedy,6.2,120,108
JAPA,Comedy,7.5,15,110
On fait quoi maintenant?,Comedy,4.8,74,91
Mame snova 17,Comedy,5.5,171,108
Good Luck,Comedy,8.9,37,107
Welcome to My Side,Comedy,7.1,82,102
Belle enfant,Comedy,5.8,56,102
Athens Midnight Radio,Comedy,7.3,207,74
Satilik Degildir,Comedy,3.1,25,97
Sea of Madness,Comedy,7.8,21,93
Hollywood Dreams,Comedy,8.5,20,99
Jo Koy: Live from Brooklyn,Comedy,6.6,749,59
Amo-te Imenso,Comedy,5.8,83,87
Vayasethrayaayi? Muppathiee..!!,Comedy,5.3,431,122
Bairi,Comedy,7.0,496,140
Ext. Masina. Noapte,Comedy,5.0,75,73
Mr. Easy Loo,Comedy,8.3,8,84
A Christmas Dream,Comedy,4.5,48,94
Money No Enough 3,Comedy,6.0,261,138
BhamaKalapam 2,Comedy,5.8,271,128
Son Sans,Comedy,5.4,10,86
Ismo - maailman hauskin ulkopuolinen,Comedy,7.3,89,98
Tasty,Comedy,7.8,60,90
Perumani,Comedy,5.8,230,137
Fêlés,Comedy,5.3,71,91
The Good Loan Sharks,Comedy,5.0,75,122
Anyone Else But Me,Comedy,7.0,152,95
Yamas!,Comedy,4.1,86,115
Raghu Thatha,Comedy,6.2,559,134
Check Please,Comedy,8.9,17,82
Dave Attell: Hot Cross Buns,Comedy,7.1,997,40
Entra en mi Vida,Comedy,3.0,101,77
Flaminia,Comedy,5.3,306,98
Game Changers,Comedy,4.7,218,78
Veda Partisi,Comedy,6.4,34,95
Muxmäuschenstill X,Comedy,5.8,13,94
Noche De Bodas,Comedy,4.6,223,90
Once Upon a Time in Kochi,Comedy,7.2,62,125
Dalej jazda!,Comedy,6.3,65,100
Christmas Is Cancelled,Comedy,4.2,363,78
La gardav,Comedy,6.4,53,87
Micha denkt groß,Comedy,5.4,114,88
Dona Lurdes: O Filme,Comedy,5.7,101,90
Vaar Tahevaar,Comedy,8.0,278,127
Santa Hunters,Comedy,5.8,32,97
Move Like a Boss,Comedy,2.7,93,93
LOL Surprise! The Skate Dance Movie,Comedy,8.3,13,60
Royal Façade,Comedy,8.5,56,95
Mr Shudai,Comedy,9.2,533,153
Glassmates,Comedy,9.0,69,126
The Love Buzz,Comedy,5.7,157,100
Christmas Carole,Comedy,4.3,73,93
Pochivkata,Comedy,6.2,43,111
The Gesuidouz,Comedy,6.9,52,93
"Step Back, Doors Closing",Comedy,9.0,39,98
Kanni,Comedy,8.5,149,122
When Santa Was a Communist,Comedy,7.2,45,86
Iyer in Arabia,Comedy,6.0,743,140
SottoCoperta,Comedy,7.6,75,96
10 Pasimatymu,Comedy,6.1,22,99
Tu madre o la mía,Comedy,3.8,134,84
Fire Supply,Comedy,6.8,12,165
Keluar Main 1994,Comedy,7.8,47,112
Porch Pirates,Comedy,5.0,100,107
Hot Spot,Comedy,7.3,951,122
Super papa,Comedy,5.2,110,90
Bar MoskvaChiki,Comedy,5.2,100,91
Ruki vverkh!,Comedy,5.5,241,102
The Ballad of Hortensia,Comedy,6.7,124,94
A Most Atrocious Thing,Comedy,3.8,251,75
Lump,Comedy,7.7,9,77
El Tiburón,Comedy,7.8,5,93
Franta mimozemstan,Comedy,4.7,71,98
E se mio padre,Comedy,6.2,11,100
Tratamos demasiado bien a las mujeres,Comedy,4.8,246,96
Kalvan,Comedy,5.6,984,142
Beyond the Lake,Comedy,5.5,65,98
Pandasaurus,Comedy,3.5,51,78
Baskan,Comedy,5.9,63,114
Operation Portugal 2 - La vie de chateau,Comedy,5.0,119,93
Puang Bos!,Comedy,8.6,5,100
Alibaba Aani Chalishitale Chor,Comedy,5.8,143,125
A Christmas Storm,Comedy,6.5,169,90
Leydi Di,Comedy,2.4,19,113
Ben and Suzanne: A Reunion in 4 Parts,Comedy,8.0,21,109
Housekeeping,Comedy,6.0,41,98
Gidersen Gitme,Comedy,3.0,37,98
B4S: Truoc Gio Yeu,Comedy,5.8,58,97
Kaka Boss,Comedy,6.8,446,121
Kardes Takimi,Comedy,3.5,538,95
Canta Y No Llores,Comedy,4.5,76,90
Love and Work,Comedy,7.0,13,74
La Hayde Maske,Comedy,6.8,18,107
Gecenin Nakarati,Comedy,7.3,22,104
Call Me Agnes,Comedy,7.2,12,94
Father's Haunted House,Comedy,5.9,287,93
The Stork,Comedy,7.1,8,96
Easter Evil,Comedy,2.6,148,72
14 Days to Feel Better,Comedy,5.1,249,90
Bionico's Bachata,Comedy,8.3,37,80
Liebling Kreuzberg 2.0,Comedy,2.0,49,89
Panchak,Comedy,7.9,68,122
Yesterday After Tomorrow,Comedy,5.2,310,120
Adrienne Iapalucci: The Dark Queen,Comedy,6.5,301,52
2020,Comedy,7.5,79,87
History and Geography,Comedy,6.7,66,90
Oh My Ghost: The Finale,Comedy,7.6,30,112
Voditel-oligarkh,Comedy,4.5,351,86
Blindgänger,Comedy,7.8,20,95
Be My Friend,Comedy,6.0,65,125
Ordinary Things,Comedy,7.3,65,88
Panchayat Jetty,Comedy,5.0,662,139
Inga Naan Thaan Kingu,Comedy,5.3,442,132
Il complottista,Comedy,7.3,12,85
Pare parecchio Parigi,Comedy,5.3,355,90
Our Christmas House,Comedy,5.4,44,77
Family Gbese,Comedy,4.5,36,88
Underground Orange,Comedy,7.6,60,85
El Harifa 2: El Remontada,Comedy,7.3,224,130
Za slova otvechayu,Comedy,4.5,64,101
Les boules de Noël,Comedy,4.5,29,90
Sexagenarian,Comedy,7.9,11,74
Ricomincio da TAAAC,Comedy,5.6,273,98
Welcome Wedding,Comedy,4.7,32,120
Michelle Buteau: A Buteau-ful Mind at Radio City Music Hall,Comedy,5.5,372,64
Ne odna doma,Comedy,4.1,79,79
Hope's Hollywood Christmas,Comedy,8.9,28,90
Vidya Vasula Aham,Comedy,6.6,92,102
Women Want Everything!,Comedy,3.7,60,90
Me contro Te: Cattivissimi a Natale,Comedy,2.6,20,69
Double Engine,Comedy,5.6,114,106
Gholhak,Comedy,2.7,106,104
80 Plus,Comedy,7.1,41,95
Demetri Martin: Demetri Deconstructed,Comedy,6.8,530,51
Top Love: Só e Bem Acompanhado,Comedy,6.4,5,99
Viva a Vida,Comedy,6.7,22,99
Odin den v Stambule,Comedy,5.5,203,93
Iron Nest of the Moon,Comedy,7.6,13,70
V de Victor,Comedy,5.2,73,100
The Legend of Crick Foot,Comedy,5.9,86,83
Lion of Judah Legacy,Comedy,6.2,70,96
Twisted Hearts,Comedy,6.9,10,90
Doce Família,Comedy,5.2,103,90
Perra Vida,Comedy,5.4,144,107
Maloney - Die ersten drei haarsträubenden Fälle,Comedy,6.7,76,98
Apaixonada,Comedy,4.3,134,95
Aile Çikmazi,Comedy,3.1,144,105
Les cadeaux,Comedy,5.1,48,84
Baba Beni Güldürsene,Comedy,7.4,20,105
Sal Vulcano: Terrified,Comedy,7.1,101,71
Presque légal,Comedy,4.9,61,82
Front Row,Comedy,7.1,18,86
Eho kati na po,Comedy,6.8,10,96
Elevator,Comedy,5.3,125,95
Succede anche nelle migliori famiglie,Comedy,4.1,199,77
Uang Panai' 2 Maha(r)l,Comedy,7.7,40,106
Topolinyy pukh,Comedy,5.3,130,83
Los Justos,Comedy,6.4,72,79
Moshimo Tokugawa Ieyasu Ga Souridaijin Ni Nattara,Comedy,5.9,27,110
Inheritance to Love,Comedy,9.2,33,88
My First Year Off Campus,Comedy,8.0,19,85
El Precio de Educarlos,Comedy,6.1,61,90
Svetlyachok,Comedy,6.8,18,112
Sonnenplätze,Comedy,6.5,85,93
Juanpis González: The People's President,Comedy,5.9,133,91
Aaichya Gavat Marathit Bol,Comedy,7.1,59,116
Bantay-bahay,Comedy,4.6,14,86
Pool & Party,Comedy,2.7,219,90
Alaap,Comedy,6.3,112,145
Balayi Olayi,Comedy,2.7,42,107
Ari-cassamortari,Comedy,4.8,67,111
Walk the Line,Comedy,5.5,92,115
Bapu Ni Manda Mera,Comedy,5.8,30,98
Hum Tum Aur Woo,Comedy,8.9,13,100
The Satire,Comedy,7.0,28,85
Sleep with Your Eyes Open,Comedy,5.9,105,97
Baby boom czyli Kogel Mogel 5,Comedy,3.7,154,87
Gangs of Sukumara Kurup,Comedy,9.2,55,117
Muri & Ko,Comedy,6.1,44,103
O nomos tou Merfy,Comedy,6.0,104,129
Duel in trei,Comedy,7.2,65,95
Migawari Mission,Comedy,6.4,53,119
Víctor Presidente,Comedy,7.9,7,85
Geister,Comedy,6.5,10,82
Stalker,Comedy,3.0,7,91
Hidden Flora,Comedy,7.0,17,93
Ayo Balikan,Comedy,7.1,25,86
Husband for Sale,Comedy,5.1,16,90
Adam i Eva,Comedy,5.1,92,95
Kattis Gang,Comedy,8.2,402,144
Saint Nick,Comedy,5.0,73,91
Megdan: Between Water and Fire,Comedy,5.4,716,106
Pailam Pilaga,Comedy,9.0,852,125
Uralochka,Comedy,3.7,92,95
Norbert(a),Comedy,5.3,75,89
Scream: The Fan Favorite,Comedy,8.4,16,49
Mansarra,Comedy,7.7,20,138
Fallen Fruit,Comedy,6.3,50,87
Marlon Wayans: Good Grief,Comedy,6.1,357,68
Rosetta Stoned,Comedy,8.7,19,95
Retro Therapy,Comedy,6.0,50,87
BAM!,Comedy,7.2,27,80
Oflu Hoca 4,Comedy,5.0,28,94
Couple in the Woods,Comedy,5.8,30,65
Al Eid Eiden,Comedy,6.1,11,110
Oyunda Kal: Eglence Arenasi,Comedy,2.7,35,92
Pulp Modern: Die Laughing,Comedy,8.2,87,83
A Danfo Christmas,Comedy,3.8,52,120
Tur s Ivanushkami,Comedy,5.3,157,111
Kunddala Puranam,Comedy,4.3,157,122
Amici per caso,Comedy,6.1,31,95
Trip-Tych,Comedy,6.9,28,80
Hep Yek: Asiret,Comedy,2.3,198,86
A Postcard from Rome,Comedy,7.3,160,88
Come far litigare mamma e papà,Comedy,5.5,91,93
East of Noon,Comedy,6.7,34,109
A Very Flattened Christmas,Comedy,6.1,35,95
Ajab Gajab Dhamal,Comedy,5.1,44,141
Cingene Kizi Zeugma,Comedy,4.7,7,105
Manyunya. Priklyucheniya v derevne,Comedy,5.9,114,84
Teddiscare,Comedy,2.1,158,82
Cinta Tak Seindah Drama Korea,Comedy,7.2,45,118
Mike Epps: Ready to Sell Out,Comedy,5.4,366,61
Vstretimsya vchera,Comedy,6.4,339,79
Scorned Waifu,Comedy,4.7,10,135
La scommessa - Una notte in corsia,Comedy,6.8,25,84
Uruku Patela,Comedy,6.7,913,122
COMA,Comedy,9.5,9,80
Palacio Estilistas,Comedy,3.6,28,85
Happy Birthday to Me,Comedy,8.2,87,112
Il Signore,Comedy,7.3,68,107
Boomerang,Comedy,7.3,385,134
Conte nuptial,Comedy,6.1,9,73
Abbabba,Comedy,8.5,151,147
Petualangan Anak Penangkap Hantu,Comedy,6.0,23,99
Bring Me Home,Comedy,6.5,42,83
Bienvenidos al paraíso,Comedy,4.9,21,100
Mukidi,Comedy,5.9,24,91
Saka Perawan,Comedy,5.0,53,91
Mind Body & Soul,Comedy,7.5,14,80
Los Mecánicos 2,Comedy,8.1,8,112
A Tuesday Wedding,Comedy,7.3,21,95
Licença para Enlouquecer,Comedy,7.8,14,95
Fainéant.e.s,Comedy,6.0,56,103
V dobrém i zlém,Comedy,7.0,19,93
Rachel Feinstein: Big Guy,Comedy,6.5,385,54
Super Zindagi,Comedy,5.6,142,131
Nalla Perai Vaanga Vendum Pillaigale,Comedy,8.3,572,115
Koresha,Comedy,2.9,61,86
Rajakaran Gela Mishit,Comedy,6.2,7,122
Yashan yev Leonid Brezhnevy,Comedy,8.0,24,100
Last Defenders of Monogamy,Comedy,5.3,385,84
Cat's Luck,Comedy,6.0,59,108
Kiralik Baba,Comedy,5.0,17,102
Una película barata,Comedy,6.3,79,63
Real Estate Sisters,Comedy,4.8,17,84
Mahajatra,Comedy,7.5,266,160
Merz gegen Merz - Geheimnisse,Comedy,7.0,67,89
Lyubov so vtorogo vzglyada,Comedy,4.7,72,97
Amityville Webcam,Comedy,3.8,15,102
Idu Entha Lokavayya,Comedy,6.6,7,120
De Dans van Natasja,Comedy,6.8,42,102
Lyubov zla,Comedy,6.2,395,83
Lo carga el diablo,Comedy,7.7,21,104
For Regn,Comedy,3.8,559,140
Aflatoon,Comedy,7.8,1K,134
Manyunya. Priklyucheniya v Moskve,Comedy,5.7,107,87
Back to 2005,Comedy,8.3,45,88
Sneaking Around,Comedy,8.8,21,80
Brian Simpson: Live from the Mothership,Comedy,7.1,374,70
Kadin Kafasi,Comedy,3.8,25,93
Where Elephants Go,Comedy,7.5,46,115
Don Zhuan iz Zhashkova,Comedy,5.2,61,120
SangharshYoddha Manoj Jarange Patil,Comedy,2.4,169,149
Povesti Moldovenesti,Comedy,9.0,11,104
Red Ollero: Mabuhay Is a Lie,Comedy,4.8,63,72
I soliti idioti 3: Il ritorno,Comedy,4.8,318,100
Malik Salah,Comedy,8.3,21,100
Echoes of Dreams,Comedy,7.8,16,80
Cuñados,Comedy,5.3,64,89
Moorane Krishnappa,Comedy,7.5,164,141
Poklad,Comedy,4.6,33,100
I Heard You Buy Souls,Comedy,1.5,24,88
The Hutong Cowboy,Comedy,5.3,92,113
Sovsem oshaleli,Comedy,4.2,55,93
Kunwarapur,Comedy,9.3,205,135
Odna doma. Velikolepnaya pyatyorka,Comedy,3.9,38,85
Semeynyy perepolokh,Comedy,4.8,58,87
Numéro 10,Comedy,5.4,51,91
Chor Chor,Comedy,9.4,186,127
Mr. Engineer and Miss Doctor,Comedy,6.2,8,40
Dragons on the Hill,Comedy,4.6,49,80
Babu (No.1 Bullshit Guy),Comedy,8.3,2K,125
Fallen from the Truck,Comedy,4.8,103,89
Pon Ondru Kanden,Comedy,5.7,266,120
The Uncertainty Principle,Comedy,7.9,10,89
The Sweet Life,Comedy,5.4,57,101
Eternal Playground,Comedy,6.3,78,83
Home Tour - A Bachelor Party,Comedy,9.5,61,85
Naale Rajaa Koli Majaa,Comedy,9.0,10,91
Los De La Culpa,Comedy,6.3,29,90
Felicia Madison: Better Than Sex,Comedy,4.6,26,48
Papu mame zaverni,Comedy,3.5,65,106
Cuadrilátero,Comedy,7.7,7,81
Marigold,Comedy,8.9,64,127
Por tus muertos,Comedy,3.3,184,94
The Year of Cat,Comedy,3.2,357,104
La reina del convento,Comedy,3.3,47,84
Príncipe Lu e a Lenda do Dragão,Comedy,4.2,27,90
The Diarrhea Brothers Save the Day,Comedy,6.6,110,105
Prisoner Trump: The Don of Cell Block B,Comedy,4.6,20,87
Govorit Zemlya!,Comedy,5.4,42,116
Kallanmaarude Veedu,Comedy,9.4,8,131
The Resellers,Comedy,8.0,14,103
UnichtoZhanna,Comedy,3.4,47,98
Sleaze Please: The World of Bill Margold,Comedy,6.7,14,54
Al Leib Maa Al Eyal,Comedy,6.3,15,127
Zvyozdy v Sibiri,Comedy,3.7,83,77
Neath's Love Story,Comedy,7.6,50,106
The Old Man and the Demon Sword,Comedy,7.8,33,63
And Through the Portal We Go,Comedy,7.0,7,83
Goodbye Hamdi,Comedy,6.2,8,85
Stock Shark,Comedy,7.2,53,47
God Dam,Comedy,7.1,8,60
Afacanlar Kampta,Comedy,4.5,38,84
Hazegras,Comedy,7.8,6,55
First Person Savior,Comedy,4.9,12,81
Neprilichnye gosti,Comedy,6.3,585,83
Lgunya,Comedy,4.7,42,86
Öldüm Bittim,Comedy,6.4,6,90
Tuesday's Trash,Comedy,7.5,32,47
XXL,Comedy,5.3,44,77
A Frozen Rage,Comedy,5.2,45,115
Love Game,Comedy,8.1,29,110
Pro moyu mamu i pro menya,Comedy,7.0,8,104
Vovó Ninja,Comedy,5.2,21,96
Follow Bear to Adventure,Comedy,4.3,33,96
Ravike Prasanga,Comedy,7.8,669,152
Obe dve,Comedy,5.1,57,96
We Love Bad Boys,Comedy,1.2,3K,129
Tayna Chyornoy Ruki,Comedy,5.7,22,84
Jama,Comedy,6.3,16,71
I Need Your Love,Comedy,8.9,8,24
Byvshiy v pomoshch,Comedy,5.0,77,90
Ingiliz Anahtari: Recep Usta,Comedy,7.4,25,98
Waning Poetic,Comedy,8.4,11,93
Cici Anne,Comedy,3.8,39,130
Kavej,Comedy,6.5,114,111
Neposlushniki,Comedy,4.9,93,108
Corridor,Comedy,6.0,9,108
Eppura,Comedy,8.9,460,109
Pravo na levo,Comedy,3.7,36,88
Eksie Perfeksie,Comedy,6.3,21,103
Dünya Evi,Comedy,4.0,48,105
Osomoy,Comedy,6.9,438,161
Pelesenk Ailesi,Comedy,6.3,34,115
Love Buzz,Comedy,6.2,39,55
Mezhdu nami leto,Comedy,5.8,53,113
Devojacko vece,Comedy,5.4,26,87
Moyo sobache delo,Comedy,5.2,41,77
Hayatimiz Roman,Comedy,5.2,10,105
Pink Butterfly,Comedy,5.8,54,109
"7 dney, 7 nochey",Comedy,6.3,403,98
O Procedimento,Comedy,8.5,46,12
YA - medved,Comedy,4.9,61,97
Removal of the Eye,Comedy,6.9,8,93
Paranormal Cuma,Comedy,6.9,10,125
Just Pass,Comedy,6.6,210,136
Prázdniny s Brouckem,Comedy,5.4,123,87
Konjam Pesinaal Yenna,Comedy,7.2,65,112
Vozvrashchenie popugaya Keshi,Comedy,4.1,59,93
Saideira,Comedy,5.4,39,112
Novyy god v Beryozovke,Comedy,7.1,97,94
Jak ukradlem 100 milionów,Comedy,3.4,92,90
Here We Go,Comedy,4.2,38,102
Apollon by Day Athena by Night,Comedy,6.9,11,112
Love in the Time of Corona,Comedy,4.1,96,100
Para Nerede,Comedy,2.8,43,115
Chappelle's Home Team: Donnell Rawlings - A New Day,Comedy,5.7,236,40
Çiftligimin Hanimi,Comedy,3.3,43,110
Fresh Off Markham,Comedy,7.0,39,85
Eine zweite Chance,Comedy,8.6,39,91
Vtroyom,Comedy,4.6,60,90
Cedo Demais,Comedy,4.3,26,90
Langston Kerman: Bad Poetry,Comedy,6.7,154,50
"Hello, Welcome",Comedy,6.7,12,85
Ma part de Gaulois,Comedy,5.8,46,91
SDL A Batalha Musical,Comedy,7.3,40,102
Influenza,Comedy,4.0,30,98
Kulturnaya komediya,Comedy,5.2,82,95
Non aprite quella bara,Comedy,6.5,7,96
Modest Male Exposure 2: I Dream of Genes,Comedy,8.7,7,96
The Director's Cut,Comedy,4.3,15,82
Ranganayaka,Comedy,3.9,70,121
"Phil Wang: Wang in There, Baby!",Comedy,5.8,231,61
Ramana Avatara,Comedy,8.1,35,136
Give Me a Ride,Comedy,5.0,16,102
Alive in Mo...,Comedy,7.8,20,100
21 Numara: Askin Tadi,Comedy,4.7,17,96
School Privada Alfonsina Storni,Comedy,7.3,10,128
My Dad Is an Alien,Comedy,8.0,18,96
Asalto al mayor,Comedy,6.2,18,110
Son Bir Tatil,Comedy,3.2,10,124
Korporatsiya Morozov,Comedy,5.5,30,83
Torun Davasi,Comedy,3.3,54,112
Start It Up,Comedy,5.8,9,116
Prima del giorno dopo,Comedy,7.9,73,105
Osobennosti natsionalnoy bolnitsy,Comedy,3.9,43,78
Passion Project,Comedy,6.4,17,87
Nato con la camicia,Comedy,4.8,11,94
Avassaladoras 2.0,Comedy,2.0,25,94
Mezhdu nami,Comedy,5.1,35,93
Julia tiene Sugar,Comedy,7.6,8,90
Dead Fun,Comedy,8.7,9,61
Dracu Ra,Comedy,5.5,34,106
Biz Ayrilamayiz,Comedy,3.7,34,107
The 9th Movie,Comedy,5.9,66,68
Rodnya,Comedy,7.7,8,99
The Pushover,Comedy,4.3,14,63
Mendung tanpo udan,Comedy,6.3,21,101
Vyberi menya,Comedy,5.0,62,86
Sharma & Ambani,Comedy,9.1,183,104
Don't F with Pablo,Comedy,7.7,8,103
Sergeant Pickle Breath and the Rooftop Warriors,Comedy,9.3,14,78
V banyu!,Comedy,5.2,69,99
Melodate,Comedy,6.3,16,98
Problem Toh Hai,Comedy,9.7,35,129
Slightly New,Comedy,6.5,67,92
The Hero's Journey aka My Life aka the Caleb Johnston Story (I'm Caleb),Comedy,7.0,142,99
Lattha Sadan,Comedy,7.5,15,125
La Pura Vida,Comedy,8.9,22,89
Tom and Jerry,Comedy,7.4,1K,111
Novogodnee chudo,Comedy,5.5,14,73
Las Corredoras,Comedy,6.2,25,110
Seetharam Sitralu,Comedy,8.3,1K,118
Once Upon a Time in Indochine,Comedy,5.9,9,113
Kejarlah Janji,Comedy,6.4,5,107
Keith Robinson: Different Strokes,Comedy,6.5,192,53
Snooker Man,Comedy,4.8,62,80
The Ballot Box,Comedy,6.9,12,93
The Roast of John Cleese,Comedy,5.0,29,72
Bremenskie muzykanty,Comedy,4.6,662,115
Swimming in a Sand Pool,Comedy,5.7,43,86
Fanzo Movie,Comedy,7.9,10,104
The Spirit Hunter,Comedy,4.5,26,102
Brain Tumor,Comedy,3.8,49,76
Otbrosy,Comedy,3.8,32,88
Im Haus der alten Augustin,Comedy,8.8,12,108
Jellyfish,Comedy,9.5,13,109
Bhooter Pallay Bhootnath,Comedy,9.5,15,110
Bu Tejo Sowan Jakarta,Comedy,6.3,61,93
Cinema Pichodu,Comedy,9.5,91,133
Gap Lai Chi Bau,Comedy,5.6,42,114
Tan-Ti-Ana,Comedy,5.9,26,95
Just a Minute,Comedy,8.7,2K,88
Neath's Love Story 2,Comedy,7.4,22,88
Bitva pap,Comedy,4.5,24,79
Parents for Christmas,Comedy,4.5,45,76
Hao Yun Lai,Comedy,2.9,19,107
Khuzhe vsekh,Comedy,4.2,31,83
Killcon,Comedy,9.5,14,31
My Cannibal Crush,Comedy,6.3,12,50
Avantyura,Comedy,5.6,16,90
Ahir Shah: Ends,Comedy,6.2,71,61
La estrella que perdí,Comedy,7.3,14,99
The Cliche,Comedy,7.1,8,118
The Kingfish 2,Comedy,7.9,10,72
Plant Man,Comedy,7.2,2K,121
Someone Dies!,Comedy,7.3,12,86
"One Day League: Dead Mother, Dead All",Comedy,8.3,7,91
A Very Bayou Holiday,Comedy,4.6,10,87
Edvin Törnblom - Bögen är lös (i magen),Comedy,5.2,14,90
Goalstar - The Movie,Comedy,5.5,35,90
Da Fan Pai,Comedy,3.9,33,99
Brahmachari,Comedy,8.8,10,112
Kak ya vstretil eyo mamu,Comedy,4.3,41,89
Malas Costumbres,Comedy,9.2,14,90
The Holy Man Comeback,Comedy,4.3,13,100
"Poymay sobaku, esli smozhesh",Comedy,3.5,36,96
Powerball,Comedy,9.7,8,66
Curry Mee,Comedy,6.8,21,158
The Max Gang,Comedy,5.3,16,105
Black & White,Comedy,6.0,8,103
Natvar Urfe NTR,Comedy,9.3,9,143
Making Kayfabe,Comedy,9.8,14,44
The Worst Love Story Ever,Comedy,8.3,8,80
Sin Toronja,Comedy,8.6,14,69
Omar v bolshom kino,Comedy,5.8,26,86
A Christmas Reunion,Comedy,4.9,11,64
Person of the Year,Comedy,5.8,11,100
The Killing Performance,Comedy,5.7,27,128
Salam Gembira,Comedy,8.7,14,111
Laxmi Vilas Lottery,Comedy,8.1,8,104
The Filthy Frank Show Battle for the Omniverse,Comedy,9.7,8,141
"Sofa, So Good",Comedy,6.3,15,69
Insta Series,Comedy,9.4,18,141
Dao yan ni you bing,Comedy,4.5,8,98
Operatsiya «Kholodno»,Comedy,4.5,49,85
Welcome to Fatbelly's,Comedy,7.8,7,97
Nata Ratnalu,Comedy,6.3,8,118
Timor,Comedy,8.5,31,88
Worst of Woke Awards ,Comedy,5.2,22,113
Anna i Vano. Vanna i vino,Comedy,8.2,6,93
Pension Dalal,Comedy,4.4,27,103
2015: Future Uncertain,Comedy,6.9,17,72
Dak Dik Dos,Comedy,8.8,9,113
Covid Boys,Comedy,7.0,5,80
El verano mas largo del mundo,Comedy,7.5,8,80
"Chill, Brudi",Comedy,1.2,21,135
C'era una volta il Derby Club,Comedy,7.4,16,90
Uparwala & Sons,Comedy,9.2,322,126
Subway Shark,Comedy,6.9,28,49
Bubbly Bindaas,Comedy,8.5,7,127
Thiago Ventura - Modo Efetivo,Comedy,6.1,13,98
"¿Ahora Somos 3? Sí, Mi Amor",Comedy,4.9,19,95
GrimTrax,Comedy,8.7,10,62
iKHlaas,Comedy,8.1,16,50
Chicken Factory,Comedy,3.3,23,123
Langha Phobia,Comedy,8.7,11,131
Bizim Köylü,Comedy,4.9,15,96
Because I Said So: Akintunde Warnock,Comedy,7.2,7,65
Arjen Lubach: Strijder,Comedy,7.3,12,90
Selebryata,Comedy,3.6,20,93
I'm Professional,Comedy,3.7,8,95
Láska na zakázku,Comedy,3.0,12,82
Neath's Love Story 3,Comedy,6.5,11,100
Mietaa,Comedy,6.5,11,74
Mumble: Fate of A Lost Icon,Comedy,9.5,22,63
Extra Lucie,Comedy,8.6,11,70
Story Time with Devon,Comedy,9.0,9,55
The Prep Room,Comedy,7.7,6,84
Liu mang qu mo shi,Comedy,5.3,10,104
Viejas Amigas,Comedy,5.6,8,82
Kan dao ling hun de na zhi yan shi gong,Comedy,3.3,12,124
Kitaura Kyoudai,Comedy,5.6,10,94
The Clashing Elements: Saviors of the Multiverse,Comedy,6.6,7,91
Iyus Jenius,Comedy,9.0,7,82
Adam Cayton-Holland: Wallpaper,Comedy,7.1,16,49
Almost Sober Presented by Fattman Deezy,Comedy,9.5,23,60
Leggende metropolitane,Comedy,4.6,251,88
Face Boy,Comedy,7.9,14,76
The Revenge of Wii Play 2: World War Wii,Comedy,9.5,8,46
Cageling,Comedy,5.9,8,69
JunoToons: Captain Chisel's News,Comedy,6.1,23,2
Mike Recine: I'm Normal,Comedy,6.9,11,50
Is University Really Worth It?,Comedy,5.2,12,60
The Canal Map of Britain,Comedy,6.8,10,59
Waste Management,Comedy,7.0,15,60
Faith of Angels,Family,5.9,170,98
Big World,Family,7.4,983,131
Runt,Family,6.4,497,91
Woodwalkers,Family,5.4,348,103
Meiyazhagan,Family,8.4,13K,177
Bibi Rajni,Family,8.6,708,143
Average Joe,Family,4.2,559,100
Robin and the Hoods,Family,4.4,504,100
The Neon Highway,Family,6.0,484,113
Rally Caps,Family,5.5,129,100
A Carpenter's Prayer,Family,8.6,33,91
Return to Wickensburg,Family,4.8,22,88
Børnene fra Sølvgade,Family,7.6,91,102
A Nashville Wish,Family,5.6,88,102
Home Sweet Loan,Family,8.1,820,112
Like a Rolling Stone,Family,7.8,409,106
Véletlenül írtam egy könyvet,Family,7.6,274,98
Brewster's Millions: Christmas,Family,5.7,185,100
Skelly,Family,5.6,88,85
The Primrose Railway Children,Family,4.9,142,81
Il migliore dei mali,Family,7.8,6,90
Dance Rivals,Family,5.9,64,93
Bila Esok Ibu Tiada,Family,6.6,221,104
Magic Beach,Family,5.5,58,80
Paper Flowers,Family,9.1,29,100
Dear Family,Family,7.0,47,116
The Adventures of Jurassic Pet: Return to the Wild,Family,5.5,51,90
The Legend of Catclaws Mountain,Family,3.5,170,104
Yaren Leylek,Family,5.6,25,95
Superkrachten voor je hoofd,Family,7.3,193,92
Babah,Family,7.0,105,129
Joy of Horses,Family,5.8,160,90
Saint Nick of Bethlehem,Family,9.3,96,93
Amaltash,Family,8.1,144,113
Too Old for Fairy Tales 2,Family,4.8,387,95
"Love, Sitara",Family,5.3,295,105
The Lamb,Family,7.1,27,85
Gharat Ganpati,Family,7.9,493,139
Juf Braaksel en de Geniale Ontsnapping,Family,4.0,42,83
Troy the Bharat Putra,Family,5.7,30,134
Sunny,Family,7.6,21,122
Dedh Bigha Zameen,Family,6.9,740,100
Obraz,Family,7.5,15,95
Sieger Sein,Family,6.6,169,119
Gina,Family,7.7,21,100
Windcatcher,Family,5.3,406,80
14 Days Love,Family,7.5,8,112
The Magic Penguin,Family,3.8,26,89
Planet 7693,Family,7.6,66,110
Treasure Trackers,Family,5.8,152,92
Ole Aale,Family,8.7,406,142
BeBe Winans' We Three Kings,Family,6.9,127,90
Cup,Family,8.5,65,146
LasseMajas detektivbyrå - Maskoten som försvann,Family,6.0,54,90
The Secret of Pin-Up Island,Family,7.4,92,107
CBeebies Panto: Beauty and the Beast,Family,7.8,16,73
A Christmas Miracle,Family,6.0,65,88
Baii Ga,Family,4.2,59,134
Ognivo,Family,5.4,213,105
Palayam PC,Family,5.2,136,118
Chithini,Family,6.0,551,151
Ghudchadi,Family,4.2,548,113
Tartinijev kljuc,Family,7.8,21,115
Grüsse vom Mars,Family,6.5,18,85
Vikaasaparva,Family,8.7,540,134
When the World Met Miss Probinsyana,Family,9.5,42,155
De Club van Sinterklaas Film: Het Grote Sneeuwavontuur,Family,5.8,50,79
Krispy Rishtey,Family,6.6,69,133
Mees Kees op eigen benen,Family,6.1,31,82
Hashtag Tadev lagnam,Family,6.5,130,118
"Akiko, der fliegende Affe",Family,8.4,10,70
Daye: Seret ahl el Daye,Family,7.6,14,104
Spirit of Friendship,Family,4.3,73,85
Wedding Diaries,Family,9.0,2K,121
Feather Christmas,Family,5.2,120,94
Max und die wilde 7: Die Geister-Oma,Family,6.2,46,90
Piraty galaktiki Barrakuda,Family,4.4,78,92
Woof Woof Daddy,Family,6.5,39,105
Igrisca ne damo!,Family,6.9,26,79
Awesomest Christmas Ever,Family,6.8,20,78
Lek Asavi Tar Ashi,Family,5.5,13,143
Vasilisa i khraniteli vremeni,Family,3.1,66,98
Princezna na hrásku,Family,5.6,63,80
Mr. Santa: A Christmas Extravaganza,Family,8.5,16,98
The Land of Morning Calm,Family,6.1,19,113
De Legende van Familie Vos,Family,5.7,58,81
A Holiday for Harmony,Family,3.6,35,120
"Merry Birthday, Happy Christmas",Family,4.8,114,84
My Dear Donga,Family,5.7,160,132
Mountain Boy,Family,8.2,17,93
De Grote Sinterklaasfilm - Stampij in de bakkerij,Family,3.0,76,75
Gabru Gang,Family,8.7,214,123
Haydi Tut Elimi,Family,6.7,25,113
The Truth: The Journey Within,Family,7.2,8,91
Give 'Em Hell Honey!,Family,5.8,10,94
Malyshariki. Den rozhdeniya,Family,6.0,27,52
Smotri na menya!,Family,5.6,63,120
Moy dikiy drug,Family,6.7,52,100
Little Town,Family,6.8,11,90
A Game of Two Halves,Family,7.3,24,100
Give You a Candy,Family,5.4,14,134
Scooped,Family,5.2,43,84
A Hero's Journey: The Making of Percy Jackson and the Olympians,Family,7.5,247,50
Iwájú: A Day Ahead,Family,6.8,73,71
Perfekta: Uma Aventura da Escola de Gênios,Family,5.8,15,92
Wholesome Grove,Family,7.0,8,99
Mastaani,Family,9.4,25,150
Titip Surat Untuk Tuhan,Family,6.5,38,81
Oti Uttam,Family,5.2,202,137
Mukhadrakon,Family,5.3,16,109
Prinsessa Pikkiriikki,Family,6.1,39,75
Udanadi Mangalyam,Family,2.9,24,90
Appa I Love You,Family,8.7,542,145
Once Upon a Christmas,Family,6.8,13,115
Pinnil Oral,Family,6.0,113,127
Vindu Bhojanam,Family,7.2,54,103
"Heinähattu, Vilttitossu ja kana",Family,4.9,58,77
Moy lyubimyy chempion,Family,2.3,419,95
Kaagada,Family,8.8,13,149
A House Without a Father,Family,6.2,34,61
Boom!,Family,8.3,10,90
Haddhu Ledhu Raa,Family,7.3,2K,112
Kazhdyy mechtaet o sobake,Family,5.2,31,90
Uzhaipalar Thinam,Family,4.3,7,122
Nebesko,Family,5.2,10,73
Suvorovets 1944,Family,6.1,7,90
Khelaghar Bandhte Legechi,Family,8.0,7,100
Mallemogga,Family,9.0,11,132
Fien & Teun Circus op de Boerderij,Family,5.6,11,77
Borjatri,Family,8.4,6,72
Beyaz Zenciler: Yapim Asamasi,Family,8.6,5,55
Tomari Sathe,Family,8.0,8,54
Salamat Rahe Dostana Hamara (SRDH),Family,9.3,87,60
Wicked,Romance,7.5,141K,160
Babygirl,Romance,6.0,47K,114
It Ends with Us,Romance,6.4,81K,130
We Live in Time,Romance,7.0,48K,108
Queer,Romance,6.5,18K,137
Culpa Tuya,Romance,5.2,12K,118
Beating Hearts,Romance,7.0,4K,166
Jane Austen Wrecked My Life,Romance,6.5,151,94
Killer Heat,Romance,5.6,13K,95
Guilty Pleasure,Romance,5.5,74,119
Young Woman and the Sea,Romance,7.5,17K,129
Lonely Planet,Romance,5.7,11K,94
Grafted,Romance,5.6,2K,96
Someone Like You,Romance,5.8,2K,118
The Tearsmith,Romance,5.2,12K,103
Mon Potongo,Romance,6.7,129,149
Lilies Not for Me,Romance,7.8,75,99
Winter Spring Summer or Fall,Romance,6.5,386,97
Swap,Romance,3.0,326,86
The Dead Thing,Romance,4.7,810,94
Ask Me What You Want,Romance,3.6,312,114
Lick,Romance,6.3,719,75
Take My Hand,Romance,6.3,282,102
Romance on the Ranch,Romance,6.8,288,88
Darkest Miriam,Romance,6.9,29,87
High Tide,Romance,6.6,488,101
A True Gentleman,Romance,4.5,2K,110
The Silence of Marcos Tremmer,Romance,6.0,128,112
Amar Singh Chamkila,Romance,7.8,16K,145
Sex,Romance,6.7,858,125
The Air He Breathes,Romance,6.4,357,106
Drained,Romance,4.6,289,107
Love,Romance,7.3,265,119
Haunted Heart,Romance,4.8,452,128
Bonjour Tristesse,Romance,6.0,84,110
Another End,Romance,6.5,703,129
Previously Saved Version,Romance,5.5,400,117
Langue Étrangère,Romance,6.7,476,101
Intoxicated by Love,Romance,8.5,12K,118
Private Tutor,Romance,4.9,182,65
"Hello, Love, Again",Romance,6.8,790,122
Eks,Romance,4.5,183,121
Karma's a Bitch,Romance,5.0,31,89
Daniela Forever,Romance,6.3,199,113
Futra Days,Romance,4.1,138,99
From Contract Lover to the Billionaire's Bride,Romance,7.1,491,84
Passport to Love,Romance,6.2,393,88
Undergrads,Romance,5.6,41,66
Stag,Romance,5.1,109,87
The Holiday Junkie,Romance,6.3,440,88
The Groomsmen: Second Chances,Romance,6.1,424,84
Why Do You?,Romance,5.4,398,103
Duino,Romance,8.3,99,108
Rasavathi,Romance,6.4,553,148
She Taught Love,Romance,5.2,401,102
Gharjwai,Romance,8.7,807,134
Sicilian Holiday,Romance,4.9,12,102
Pure Love,Romance,9.1,94,109
A Circus Tale & a Love Song,Romance,5.9,102,114
The Architecture of Love,Romance,6.9,474,110
Meet Me in Rome,Romance,5.1,477,85
Else,Romance,6.1,223,100
Snatched a Billionaire to Be My Husband,Romance,7.6,649,70
C4 Cinta,Romance,8.6,117,167
The Holiday Exchange,Romance,5.6,400,90
Blue Sun Palace,Romance,6.5,115,116
O Melhor Amigo,Romance,7.5,27,96
Christmas in the Spotlight,Romance,5.8,659,87
Hear Me: Our Summer,Romance,7.5,610,109
Albany Road,Romance,7.7,107,135
Wanted: Girlfriend,Romance,4.1,216,49
0000 Kilometre,Romance,2.9,121,110
The Glory of Life,Romance,6.6,420,98
Love Switch,Romance,6.0,223,89
A Toast to Love,Romance,6.1,108,89
Swoon,Romance,6.0,13,83
Dandelion,Romance,5.3,386,113
Shigatsu ni nareba kanojo wa,Romance,6.2,417,108
Sex Love Venice,Romance,4.4,308,102
Addition,Romance,8.2,29,91
The Swedish Torpedo,Romance,6.4,133,120
The Time of Fever,Romance,8.0,621,101
Viva La Vida,Romance,7.6,789,130
Beauty and the Billionaire: Bali,Romance,5.9,190,91
Boys on Film 24: Happy Endings,Romance,6.9,26,174
Writing a Love Song,Romance,6.7,174,85
Kupu-Kupu Kertas,Romance,7.0,113,113
Perfect Match,Romance,6.6,333,101
First Taste,Romance,4.5,150,97
Every You Every Me,Romance,6.6,134,108
Ahl Al Kahf,Romance,5.2,237,120
Seven Seas Seven Hills,Romance,8.6,85,90
Los pequeños amores,Romance,6.3,345,95
Ek Anjaan Rishtey Ka Guilt 3,Romance,8.0,67,104
Krista,Romance,5.6,44,58
"Aire, Just Breathe",Romance,4.7,185,98
Dilan 1983,Romance,6.7,203,116
El Hawa Sultan,Romance,6.6,624,136
Meeting Ms. Leigh,Romance,9.2,76,117
Love Syndrome: The Beginning,Romance,6.0,49,90
Love Li,Romance,6.5,13K,168
Black Tea,Romance,5.2,530,110
The Great Gujarati Matrimony,Romance,7.9,78,144
Looking for Dr. Love,Romance,6.0,122,85
A Merry Royal Christmas,Romance,5.2,141,88
Dhruvathaare,Romance,8.3,646,165
What Happened in My Black Boyfriend's Room,Romance,4.8,8,62
Love Story,Romance,4.9,387,125
Three Secrets,Romance,4.4,47,92
Under Parallel Skies,Romance,5.6,779,110
Christmas at Plumhill Manor,Romance,6.1,496,87
Sweet Summer Love,Romance,6.5,59,90
Vaagai,Romance,8.8,185,119
Rose Rosy Te Gulab,Romance,5.8,295,135
Addy Daddy,Romance,7.8,25,118
Explosions in My Heart,Romance,6.7,33,105
Kisko Tha Pata,Romance,7.4,14,135
Rokjesnacht,Romance,4.9,217,95
Life is Filled with So Much of You,Romance,8.1,14,99
Across the Sea,Romance,6.4,64,112
Sihinayaki Adare,Romance,6.5,183,150
Maple Leaf Dreams,Romance,4.6,76,101
Mor Chhainha Bhuinya 2,Romance,8.3,60,160
Moments We Shared,Romance,5.5,119,131
I Am the Secret in Your Heart,Romance,6.0,178,112
Emakku Thozhil Romance,Romance,4.9,117,111
Funmilayo Ransome-Kuti,Romance,8.5,93,91
Christmas on the Ranch,Romance,6.1,136,86
Last Song for You,Romance,7.3,89,110
Ondu Sarala Prema Kathe,Romance,7.5,711,149
Love Stuck,Romance,5.6,151,116
Shooting My Life's Script,Romance,6.2,332,95
Khwaabon Ka Jhamela,Romance,6.1,105,113
A Bluegrass Christmas,Romance,6.0,227,84
To potami,Romance,6.6,13,93
"Chances Are, You and I",Romance,6.1,104,132
Holiday for Hire,Romance,5.8,187,84
Visal Adare,Romance,5.9,138,120
Love Is Never on Time,Romance,8.9,57,110
Heartbreak Motel,Romance,7.0,287,115
Eating Me Up,Romance,8.6,289,104
Kajolrekha,Romance,6.3,170,156
Éden & Charlie,Romance,8.3,8,45
This Is Not A Love Song,Romance,7.1,26,72
Letters at Christmas,Romance,3.7,168,84
Hold Me Close,Romance,6.6,9,98
Lyod 3,Romance,6.0,294,134
Silent Love,Romance,6.3,337,116
Lady Outlaw,Romance,6.8,16,104
Kagojer Bou,Romance,6.0,24,112
Lyubov Sovetskogo Soyuza,Romance,5.1,245,150
Valentine's Town,Romance,5.3,183,84
"Dao, Pho Va Piano",Romance,5.9,189,100
Nikdo me nemá rád,Romance,5.8,37,84
Svemu dodje kraj,Romance,6.7,251,89
Ye xiao nü sheng,Romance,7.4,27,110
Jee Ve Sohneya Jee,Romance,6.7,260,141
Once Upon a Honeymoon,Romance,6.8,21,109
Because I Love Bad Weather,Romance,6.2,130,100
36-24-36,Romance,6.1,204,118
Love Me If You Dare,Romance,4.3,470,128
A Christmas of Wonders,Romance,4.8,120,86
Morena,Romance,7.8,62,106
Keshava Chandra Ramavath,Romance,6.7,77,133
Günesi Söndürmem Gerek,Romance,3.5,178,105
Chanchal Haseena,Romance,7.2,34,98
Allahr Vres,Romance,8.6,16,135
Gili Gili Raat,Romance,5.7,12,93
Der Junge dem die Welt gehört,Romance,7.9,76,96
Pantaskah Aku Berhijab,Romance,8.1,16,114
Kuch Sapney Apne,Romance,8.0,47,120
Tendaberry,Romance,6.8,35,115
Hearts Creek,Romance,5.8,114,90
The Little Things,Romance,7.7,39,90
Heart Strings,Romance,6.4,9,107
Jingle Bell Love,Romance,6.1,213,81
"Sampai Nanti, Hanna!",Romance,7.3,261,110
Raseeli Raatein,Romance,6.4,11,91
Hong lou meng,Romance,3.3,19,120
Ibbani Tabbida Ileyali,Romance,7.4,831,160
Umjolo: Day Ones,Romance,4.0,149,86
40,Romance,4.8,18,103
Kaaduvetty,Romance,3.2,145,157
Seré breve al momento de morir,Romance,5.7,14,78
X & Y,Romance,7.3,11,101
Ibiza Dark,Romance,8.3,15,95
Dinda,Romance,7.0,37,94
A Heart for Christmas,Romance,7.5,99,91
Ask Mevsimi,Romance,4.9,323,126
Dukkhito,Romance,7.4,69,29
La piel en primavera,Romance,6.9,49,100
Assisting Venus,Romance,6.2,27,100
8 Views of Lake Biwa,Romance,5.5,102,126
Tauba Tera Jalwa,Romance,6.2,15,130
Maru Mann Taru Thayu,Romance,7.5,21,153
Azzamine,Romance,8.4,99,104
Buzzy Noise,Romance,6.0,49,119
Ai zuo dai,Romance,6.2,36,78
We Are Faheem & Karun,Romance,9.4,47,81
The Christmas Brew,Romance,5.4,151,89
Khoka Bhai Tama Pain: A Song Epic,Romance,8.9,154,153
The Mediterranean Sea,Romance,7.2,69,108
Hi Anokhi Gaath,Romance,6.7,79,126
L'invenzione di noi due,Romance,4.6,35,106
Cedric & Alysia,Romance,5.1,51,84
Tilottoma,Romance,8.4,22,98
A Mountain Between Us,Romance,5.3,34,89
Haunted Happy Hour,Romance,7.9,13,89
Wrooklyn Zoo,Romance,5.4,141,129
Timing,Romance,7.8,59,138
Sihina Nelum Mal,Romance,8.0,29,105
Ancika,Romance,6.8,771,100
Forbidden Love,Romance,7.1,27,96
#OOTD: Outfit of the Designer,Romance,5.6,42,107
Benaam Rishta,Romance,6.5,9,90
Apsara,Romance,7.2,30,150
Rabb Da Radio 3,Romance,6.8,6,122
How to Make Love,Romance,2.8,11,65
Shesh Rokkha,Romance,5.0,17,109
Maaya Ka Moh,Romance,3.7,17,90
Maunam,Romance,8.5,44,106
Surjo,Romance,7.8,14,155
Ienai Himitsu,Romance,6.9,59,115
Once Upon A Love Story,Romance,7.6,76,135
Heavens x Candy,Romance,5.9,38,70
Forget Me Not,Romance,6.5,140,89
The Mercedes Story: A Troubled Soul,Romance,7.6,20,128
Yesterday Is Almost Here,Romance,8.1,9,92
Bad Boy in Love,Romance,9.2,11,91
Cinta Dari Timor,Romance,5.3,22,82
Keo=peul-ji-ok,Romance,5.3,6,94
Love at First Lie,Romance,4.1,34,107
Zorawar Di Jacqueline,Romance,5.4,1K,147
Zehan,Romance,4.9,25,113
ON i Ona,Romance,6.6,9,90
Video Vision,Romance,5.9,20,78
Buk Poketer Golpo,Romance,7.9,207,95
Reversi,Romance,8.4,99,135
Pher Mamlaa Gadbad Hai,Romance,5.2,31,126
Abhi,Romance,7.9,42,135
Lázaro de noche,Romance,5.2,28,76
Jaunt,Romance,8.4,7,78
Muzhchina i zhenshchina,Romance,7.7,12,116
Booking,Romance,7.6,63,29
Angithee 3,Romance,8.1,61,99
Bedtime Stories: Tales of Love and Hate,Romance,7.7,15,65
Love Mocktail 2,Romance,8.8,3K,140
Love Love,Romance,9.0,7,61
Smart Casuals,Romance,5.3,41,96
Juni,Romance,7.3,216,138
Love Mouli,Romance,6.5,81,146
"Sampai Jumpa, Selamat Tinggal",Romance,6.6,5,109
Romeo Ingkar Janji,Romance,7.3,16,113
Roman Peony,Romance,8.0,8,132
Kailasa Kasidre,Romance,5.9,1K,124
Ninaivellam Neeyada,Romance,5.2,32,155
Fujimi Lovers,Romance,6.0,45,103
I Love You 2,Romance,8.1,172,160
Colegio Girassol,Romance,7.9,14,60
Unarvugal Thodarkadhai,Romance,6.4,53,111
Paalum Pazhavum,Romance,4.9,173,147
Majnoo,Romance,9.6,61,123
Chetyre chetverti,Romance,8.7,7,152
Deyaler Desh,Romance,6.8,127,139
On+Ona,Romance,7.5,14,93
Labyrinth,Romance,4.5,14,100
Vremya est!,Romance,6.0,10,74
ONENESS,Romance,8.9,12,115
Bigayan,Romance,6.1,44,43
Happiness,Romance,5.5,13,118
I Hate You,Romance,7.9,2K,117
The Gift That Gives,Romance,6.2,57,81
Your 1/2 of the Rent,Romance,8.5,16,105
Katlaa Curry,Romance,9.4,25,110
Wo xiang han ni zai yi qi,Romance,5.4,17,100
Maya: The Love,Romance,6.5,13,139
I 20,Romance,9.1,493,114
Ini Oru Kadhal Seivom,Romance,5.7,23,109
Ona tantsuet,Romance,8.8,9,85
Oshana,Romance,5.8,791,149
Palasher Biye,Romance,6.7,42,99
Dil Kush,Romance,8.5,545,135
The Perfect Him,Romance,5.2,19,90
Me and My Victim,Romance,2.3,8,100
Suchana,Romance,9.1,527,90
If My Lover Were a Flower,Romance,8.5,8,110
Lucky Heart,Romance,4.4,8,90
Dua Surga Dalam Cintaku,Romance,7.8,6,111
The Claddagh,Romance,7.4,8,88
Vy menya videli?,Romance,4.9,50,80
Gaiyan,Romance,6.1,16,35
Mehabooba,Romance,7.0,247,147
Yurka,Romance,4.1,27,85
Lukochuri,Romance,7.0,11,127
The Legend of the Cat Demon,Romance,4.8,12,85
Chu Lay Aasman,Romance,9.0,11,120
Killer Baby Daddy,Romance,3.9,14,78
The First Lecture,Romance,9.0,11,55
Berta y Pablo,Romance,7.4,7,61
Tokhon Jokhon,Romance,7.6,12,63
Bewafa Darling,Romance,8.6,14,56
Colour Palette,Romance,9.0,23,87
Extra,Romance,7.0,12,28
Hu Tara Vina Kai Nai,Romance,9.4,15,125
Lucid Love,Romance,8.6,29,71
A Lovely Résumé,Romance,9.3,7,70
Osompurno,Romance,9.6,13,59
Black Owner and Horny College Girls,Romance,3.9,7,65
