Movie Name,Genre,Duration,Rating,Vote Counts
Anora,Romance,2h 19m,7.6,152K
Wicked,Romance,2h 40m,7.5,141K
Babygirl,Romance,1h 54m,6.0,47K
It Ends with Us,Romance,2h 10m,6.4,81K
We Live in Time,Romance,1h 48m,7.0,48K
The Count of Monte-Cristo,Romance,2h 58m,7.6,32K
Queer,Romance,2h 17m,6.5,18K
The Fall Guy,Romance,2h 6m,6.8,216K
F*** Marry Kill,Romance,1h 37m,5.2,N/A
The Crow,Romance,1h 51m,4.7,32K
Fly Me to the Moon,Romance,2h 12m,6.6,48K
Love Lies Bleeding,Romance,1h 44m,6.6,56K
My Old Ass,Romance,1h 29m,6.9,37K
The Idea of You,Romance,1h 55m,6.3,72K
All We Imagine as Light,Romance,1h 58m,7.1,N/A
A Family Affair,Romance,1h 51m,5.3,36K
Sidelined: The QB and Me,Romance,1h 39m,5.9,N/A
Culpa Tuya,Romance,1h 58m,5.2,13K
Beating Hearts,Romance,2h 46m,7.0,N/A
Your Monster,Romance,1h 43m,6.4,N/A
Jane Austen Wrecked My Life,Romance,1h 34m,6.5,151
Killer Heat,Romance,1h 35m,5.6,13K
Guilty Pleasure,Romance,1h 59m,5.6,76
Emmanuelle,Romance,1h 47m,4.2,N/A
Loveable,Romance,1h 41m,8.1,N/A
Young Woman and the Sea,Romance,2h 9m,7.5,17K
Lonely Planet,Romance,1h 34m,5.7,11K
A Nice Indian Boy,Romance,1h 36m,7.2,149
Grafted,Romance,1h 36m,5.6,2K
Find Me Falling,Romance,1h 33m,6.3,12K
Love Me,Romance,1h 31m,5.2,N/A
Someone Like You,Romance,1h 58m,5.8,2K
Upgraded,Romance,1h 44m,6.1,29K
Boot Camp,Romance,1h 34m,5.8,1K
La Cocina,Romance,2h 19m,7.2,N/A
Lisa Frankenstein,Romance,1h 41m,6.1,28K
We're All Gonna Die,Romance,1h 50m,8.4,79
The Tearsmith,Romance,1h 43m,5.2,12K
Touch,Romance,2h 1m,7.4,N/A
Mother of the Bride,Romance,1h 28m,4.8,17K
Die Alone,Romance,1h 31m,5.7,N/A
Girl Haunts Boy,Romance,1h 40m,6.3,N/A
Mon Potongo,Romance,2h 29m,6.7,131
Lilies Not for Me,Romance,1h 39m,7.8,75
Irish Wish,Romance,1h 33m,5.2,21K
Chosen Family,Romance,1h 28m,4.6,259
Winter Spring Summer or Fall,Romance,1h 37m,6.5,394
Players,Romance,1h 45m,5.7,12K
Swap,Romance,1h 26m,2.9,328
Our Little Secret,Romance,1h 41m,5.7,23K
Five Blind Dates,Romance,1h 23m,5.1,N/A
The Dead Thing,Romance,1h 34m,4.7,811
Ask Me What You Want,Romance,1h 54m,3.6,312
My Favourite Cake,Romance,1h 37m,7.4,N/A
Grand Tour,Romance,2h 8m,6.5,N/A
Girls Will Be Girls,Romance,1h 58m,7.1,N/A
The Best Christmas Pageant Ever,Romance,1h 39m,6.8,6K
Lick,Romance,1h 15m,6.3,720
Turn Me On,Romance,1h 39m,5.6,437
Role Play,Romance,1h 40m,5.5,19K
How to Date Billy Walsh,Romance,1h 38m,5.2,N/A
Turtles All the Way Down,Romance,1h 51m,6.6,N/A
Beautiful Wedding,Romance,1h 40m,4.1,N/A
Vulgar,Romance,1h 43m,6.7,104
The Merry Gentlemen,Romance,1h 27m,4.8,10K
Gone Running,Romance,1h 45m,7.1,N/A
City Hunter,Romance,1h 42m,6.3,N/A
Pedro Páramo,Romance,2h 10m,6.3,N/A
The Greatest Hits,Romance,1h 34m,6.2,N/A
This Is Me... Now,Romance,1h 5m,4.1,N/A
This Time Next Year,Romance,1h 56m,5.6,N/A
You Are the Apple of My Eye,Romance,1h 41m,7.6,N/A
Through My Window: Looking at You,Romance,1h 45m,5.4,N/A
Take My Hand,Romance,1h 42m,6.3,282
Romance on the Ranch,Romance,1h 28m,6.8,288
Darkest Miriam,Romance,1h 27m,6.9,29
Hot Frosty,Romance,1h 32m,5.3,14K
Marmalade,Romance,1h 39m,6.2,N/A
High Tide,Romance,1h 41m,6.6,488
Wallbanger,Romance,1h 58m,5.7,641
Three Friends,Romance,1h 57m,6.6,604
Timestalker,Romance,1h 29m,5.5,N/A
The Astronaut Lovers,Romance,1h 56m,7.1,551
A True Gentleman,Romance,1h 50m,4.5,2K
The Silence of Marcos Tremmer,Romance,1h 52m,6.0,128
Cinderella's Curse,Romance,1h 22m,N/A,N/A
Plan B,Romance,1h 30m,5.9,N/A
Premalu,Romance,2h 36m,7.8,19K
Qalb,Romance,2h 27m,6.6,N/A
Amar Singh Chamkila,Romance,2h 25m,7.8,16K
5lbs of Pressure,Romance,1h 51m,5.3,N/A
Freedom,Romance,1h 50m,5.9,N/A
The Family Star,Romance,2h 39m,5.4,N/A
I Can Never Be Yours,Romance,N/A,8.7,123
Sex,Romance,2h 5m,6.7,858
Young Werther,Romance,1h 41m,5.7,203
Love in the Big City,Romance,1h 58m,7.5,N/A
Cinderella's Revenge,Romance,1h 25m,3.7,N/A
Layla,Romance,1h 40m,6.1,333
The Air He Breathes,Romance,1h 46m,6.4,357
The Southern Chronicles,Romance,2h,8.8,N/A
Drained,Romance,1h 47m,4.6,289
Perfect Endings,Romance,1h 40m,5.5,184
The Groomsmen: First Look,Romance,1h 22m,6.1,377
The Lifeguards,Romance,1h 47m,3.9,136
Two to One,Romance,1h 56m,6.0,692
Savi,Romance,2h 6m,6.2,35K
Love,Romance,1h 59m,7.3,268
Now or Never!,Romance,N/A,2.1,17K
Teri Baaton Mein Aisa Uljha Jiya,Romance,2h 21m,6.2,54K
My Name Is Loh Kiwan,Romance,2h 11m,6.7,N/A
Christmas Cowboy,Romance,N/A,6.7,101
Haunted Heart,Romance,2h 8m,4.8,452
Still Fabulous,Romance,1h 32m,4.9,839
The Glassworker,Romance,1h 38m,7.5,N/A
Her Story,Romance,2h 3m,7.7,N/A
Bonjour Tristesse,Romance,1h 50m,6.0,84
The Groomsmen Last Dance,Romance,N/A,6.9,332
Another End,Romance,2h 9m,6.5,704
Música,Romance,1h 31m,6.4,5K
Uranus 2324,Romance,2h 10m,6.5,N/A
Books & Drinks,Romance,1h 34m,6.5,75
Previously Saved Version,Romance,1h 57m,5.5,401
Langue Étrangère,Romance,1h 41m,6.7,477
Intoxicated by Love,Romance,1h 58m,8.5,12K
The Private Eye,Romance,1h 55m,3.6,126
Bau: Artist at War,Romance,2h 10m,7.1,52
Private Tutor,Romance,1h 5m,4.9,183
"Hello, Love, Again",Romance,2h 2m,6.8,791
Good Bad Things,Romance,1h 36m,5.8,187
Meet Me Next Christmas,Romance,1h 45m,5.7,N/A
No Pressure,Romance,1h 51m,5.1,N/A
Eks,Romance,2h 1m,4.5,183
Karma's a Bitch,Romance,1h 29m,5.0,31
Wild Wild Punjab,Romance,1h 49m,6.2,15K
Daniela Forever,Romance,1h 53m,6.3,199
Futra Days,Romance,1h 39m,4.1,138
Love Across Time,Romance,N/A,7.2,386
From Contract Lover to the Billionaire's Bride,Romance,1h 24m,7.1,491
"Love, Divided",Romance,1h 38m,5.9,N/A
Love Reddy,Romance,2h 18m,8.2,N/A
Mr. Manhattan,Romance,1h 50m,6.7,432
Passport to Love,Romance,1h 28m,6.2,393
Undergrads,Romance,1h 6m,5.6,41
Believe in Christmas,Romance,1h 30m,6.1,820
Stag,Romance,1h 27m,5.1,109
A Christmas Castle Proposal: A Royal in Paradise 2,Romance,N/A,6.4,325
Breakup Season,Romance,1h 42m,5.8,303
The Holiday Junkie,Romance,1h 28m,6.3,440
The Groomsmen: Second Chances,Romance,1h 24m,6.1,424
Mascarpone: The Rainbow Cake,Romance,1h 45m,6.1,477
Bad Newz,Romance,2h 22m,4.7,26K
18×2 Beyond Youthful Days,Romance,2h 3m,7.3,N/A
Why Do You?,Romance,1h 43m,5.4,398
Duino,Romance,1h 48m,8.3,99
Rasavathi,Romance,2h 28m,6.4,553
Bachhala Malli,Romance,2h 20m,8.3,N/A
Lesbian Space Princess,Romance,1h 27m,8.1,96
He Loves Me Not,Romance,N/A,6.9,49
Murder Mubarak,Romance,2h 20m,5.8,51K
Super Happy Forever,Romance,1h 34m,6.9,165
She Taught Love,Romance,1h 42m,5.2,402
Gharjwai,Romance,2h 14m,8.7,818
Sicilian Holiday,Romance,1h 42m,4.9,12
Drawing Closer,Romance,1h 58m,7.6,N/A
Phir Aayi Hasseen Dillruba,Romance,2h 12m,5.8,N/A
Pure Love,Romance,1h 49m,9.1,94
Switch Up,Romance,1h 45m,8.6,27
Love's Second Act,Romance,N/A,5.4,185
Ashes,Romance,1h 40m,4.3,N/A
A Circus Tale & a Love Song,Romance,1h 54m,5.9,102
The Architecture of Love,Romance,1h 50m,6.9,474
Meet Me in Rome,Romance,1h 25m,5.1,488
Else,Romance,1h 40m,6.1,223
A '90s Christmas,Romance,1h 30m,6.0,N/A
Say a Little Prayer,Romance,1h 43m,8.4,41
Auron Mein Kahan Dum Tha,Romance,2h 30m,6.6,40K
Snatched a Billionaire to Be My Husband,Romance,1h 10m,7.6,649
C4 Cinta,Romance,2h 47m,8.6,117
Art of Love,Romance,1h 39m,4.6,N/A
Shrek 5: The Contract - A Fan Made Film,Romance,1h 24m,7.0,18
White Snake: Afloat,Romance,2h 13m,6.9,430
The Holiday Exchange,Romance,1h 30m,5.6,400
Blue Sun Palace,Romance,1h 56m,6.5,115
O Melhor Amigo,Romance,1h 36m,7.6,31
Chainsaws Were Singing,Romance,1h 57m,7.2,342
Christmas in the Spotlight,Romance,1h 27m,5.8,660
Gelin Takimi,Romance,1h 49m,2.4,N/A
Hear Me: Our Summer,Romance,1h 49m,7.5,613
Albany Road,Romance,2h 15m,7.7,107
Wanted: Girlfriend,Romance,49m,4.1,216
0000 Kilometre,Romance,1h 50m,2.9,121
Ajosepo,Romance,2h 14m,8.7,52
Marry Christmas,Romance,1h 25m,6.9,57
The Glory of Life,Romance,1h 38m,6.6,420
Ipar Adalah Maut,Romance,2h 11m,7.0,N/A
Love Switch,Romance,1h 29m,6.0,223
A Toast to Love,Romance,1h 29m,6.1,109
Goyo,Romance,1h 46m,6.6,N/A
Mr. Bachchan,Romance,2h 30m,3.6,N/A
When in Rome,Romance,1h 38m,6.1,724
Love... Reconsidered,Romance,1h 28m,4.3,128
Swoon,Romance,1h 23m,6.0,13
Don't Say It,Romance,N/A,8.8,34
Trisha on the Rocks,Romance,2h 52m,5.2,3K
The Everything Pot,Romance,1h 30m,7.4,29
Do Aur Do Pyaar,Romance,2h 20m,6.4,12K
Dandelion,Romance,1h 53m,5.3,386
¿Vienes o Voy?,Romance,1h 34m,6.7,15
Shigatsu ni nareba kanojo wa,Romance,1h 48m,6.2,417
Sex Love Venice,Romance,1h 42m,4.4,308
Tillu Square,Romance,2h 17m,6.6,N/A
Addition,Romance,1h 31m,8.2,29
The Swedish Torpedo,Romance,2h,6.4,133
The Time of Fever,Romance,1h 41m,8.0,620
Alterlove,Romance,1h 30m,N/A,N/A
Viva La Vida,Romance,2h 10m,7.6,789
Beauty and the Billionaire: Bali,Romance,1h 31m,5.9,190
A Vintage Christmas,Romance,N/A,6.5,350
Verliefd op Bali,Romance,1h 53m,5.1,291
Boys on Film 24: Happy Endings,Romance,2h 54m,6.9,26
El Roomie,Romance,1h 39m,5.8,302
Umjolo: The Gone Girl,Romance,1h 32m,4.4,264
Siddharth Roy,Romance,2h 28m,6.4,N/A
Writing a Love Song,Romance,1h 25m,6.7,174
A European Christmas,Romance,1h 30m,4.7,184
Love at 39 Degrees,Romance,1h 55m,5.5,N/A
A Man's Promise,Romance,N/A,7.2,42
Mai,Romance,2h 11m,6.8,N/A
Kupu-Kupu Kertas,Romance,1h 53m,7.0,113
Perfect Match,Romance,1h 41m,6.6,333
First Taste,Romance,1h 37m,4.5,150
Every You Every Me,Romance,1h 48m,6.6,134
Kill Me If You Dare,Romance,1h 34m,4.6,N/A
Ahl Al Kahf,Romance,2h,5.2,237
Given 3: To the Sea,Romance,1h 20m,8.0,9
Once Upon a Christmas Wish,Romance,1h 30m,6.1,313
Seven Seas Seven Hills,Romance,1h 30m,8.6,85
Los pequeños amores,Romance,1h 35m,6.3,345
Ek Anjaan Rishtey Ka Guilt 3,Romance,1h 44m,8.0,67
Krista,Romance,58m,5.6,44
"Aire, Just Breathe",Romance,1h 38m,4.7,185
Miss You,Romance,2h 8m,6.1,N/A
Dilan 1983,Romance,1h 56m,6.7,203
Reloaded 2,Romance,45m,8.0,1K
In Good Hands 2,Romance,1h 39m,5.3,920
El Hawa Sultan,Romance,2h 16m,6.6,624
Meeting Ms. Leigh,Romance,1h 57m,9.2,76
Love Syndrome: The Beginning,Romance,1h 30m,6.0,49
À toute allure,Romance,1h 26m,5.3,158
Love Li,Romance,2h 48m,6.5,13K
Detective Conan: The Million-Dollar Pentagram,Romance,1h 51m,6.8,N/A
Anyone But Her,Romance,1h 33m,4.9,275
Black Tea,Romance,1h 50m,5.2,530
Seni Memahami Kekasih,Romance,1h 31m,8.0,59
Stranded Pearl,Romance,1h 30m,6.0,27
Queens of Drama,Romance,1h 54m,6.3,171
The Great Gujarati Matrimony,Romance,2h 24m,7.9,78
Love You to Debt,Romance,2h 15m,6.2,748
Looking for Dr. Love,Romance,1h 25m,6.0,122
Fruitcake,Romance,1h 37m,5.4,118
3391 Kilometres,Romance,1h 50m,4.2,N/A
A Merry Royal Christmas,Romance,1h 28m,5.2,141
Premalo,Romance,2h 8m,7.3,N/A
You Are Not Alone,Romance,1h 45m,6.2,61
Dhruvathaare,Romance,2h 45m,8.3,646
Paper Flowers,Romance,1h 40m,9.1,29
What Happened in My Black Boyfriend's Room,Romance,1h 2m,4.8,8
One Night in Tokyo,Romance,1h 35m,7.9,42
Love Story,Romance,2h 5m,4.9,387
"LSD 2: Love, Sex Aur Dhokha 2",Romance,1h 59m,3.8,N/A
Three Secrets,Romance,1h 32m,4.4,47
Nado snimat filmy o lyubvi,Romance,1h 13m,7.8,29
Under Parallel Skies,Romance,1h 50m,5.6,779
Christmas at Plumhill Manor,Romance,1h 27m,6.1,497
That Kind of Love,Romance,2h 16m,5.8,299
Prabuthwa Junior Kalashala,Romance,2h 11m,7.2,N/A
Sweet Summer Love,Romance,1h 30m,6.5,59
Heartsping : Teenieping of Love,Romance,N/A,6.9,21
"María, Me Muero",Romance,1h 33m,5.3,69
Vaagai,Romance,1h 59m,8.8,185
Rose Rosy Te Gulab,Romance,2h 15m,5.8,295
Addy Daddy,Romance,1h 58m,7.8,26
DreadClub: Vampire's Verdict,Romance,N/A,5.2,55
Explosions in My Heart,Romance,1h 45m,6.7,33
Kisko Tha Pata,Romance,2h 15m,7.4,14
Rokjesnacht,Romance,1h 35m,4.9,218
Honeymoonish,Romance,1h 40m,5.3,N/A
Life is Filled with So Much of You,Romance,1h 39m,8.1,14
Morando com o Crush,Romance,1h 30m,5.4,166
Hrashwo Deergha,Romance,2h 30m,7.9,79
My Ex's Wedding,Romance,1h 35m,8.5,43
Kahan Shuru Kahan Khatam,Romance,1h 47m,6.2,N/A
My Boyfriend Is a Sex Worker,Romance,50m,4.8,13
A Fragile Flower,Romance,1h 36m,8.5,N/A
The Property,Romance,1h 50m,7.6,51
Across the Sea,Romance,1h 52m,6.4,64
Neelofar,Romance,N/A,8.7,14
L'heureuse élue,Romance,1h 31m,5.3,201
Perdiendo el Juicio,Romance,N/A,7.2,17
Kang Mak,Romance,2h 2m,6.4,760
Sihinayaki Adare,Romance,2h 30m,6.5,183
Maple Leaf Dreams,Romance,1h 41m,4.6,76
Flat Blood,Romance,N/A,N/A,N/A
"Aku Jati, Aku Asperger",Romance,1h 28m,8.6,16
Yolki 11,Romance,1h 32m,4.7,163
Yuva,Romance,2h 33m,5.8,834
More na dvoikh,Romance,1h 22m,5.6,19
Movie Given Hiiragi Mix.,Romance,1h 10m,7.4,136
Lyubvi ne byvaet?,Romance,1h 45m,5.4,152
Joy of Horses,Romance,1h 30m,5.8,160
Mor Chhainha Bhuinya 2,Romance,2h 40m,8.3,60
Mi Perfecto Ex,Romance,1h 23m,7.6,19
Occupied,Romance,1h 17m,N/A,N/A
Ma chi ti conosce,Romance,1h 45m,5.9,128
Varshangalkku Shesham,Romance,2h 46m,6.6,N/A
Moments We Shared,Romance,2h 11m,5.4,119
Game On,Romance,2h 20m,5.3,N/A
Saint Nick of Bethlehem,Romance,1h 33m,9.3,96
I Am the Secret in Your Heart,Romance,1h 52m,6.0,178
"Extraction, USA",Romance,N/A,7.5,51
Badaa Saat Fi Yawman Ma,Romance,1h 40m,6.3,87
Emakku Thozhil Romance,Romance,1h 51m,4.9,117
The Holiday Club,Romance,1h 28m,6.6,345
Poppay Ki Wedding,Romance,2h 7m,8.8,75
Amaltash,Romance,1h 53m,8.1,144
"It's So Big It Hurts, Black Oppa",Romance,1h 1m,N/A,N/A
Little Hearts,Romance,2h 16m,5.8,N/A
Funmilayo Ransome-Kuti,Romance,1h 31m,8.5,93
Koi wo Shiranai Bokutachi wa,Romance,1h 51m,N/A,N/A
Christmas on the Ranch,Romance,1h 26m,6.1,136
A Country Music Christmas,Romance,N/A,6.5,97
Powder Pup,Romance,1h 29m,6.2,73
Santa's Cousin,Romance,N/A,7.9,25
Double Blended,Romance,1h 27m,5.5,51
Last Song for You,Romance,1h 50m,7.3,89
Lula Leblanc,Romance,1h 36m,7.1,37
Ondu Sarala Prema Kathe,Romance,2h 29m,7.5,711
Pranaya Godari,Romance,2h 28m,7.8,N/A
Mercy Killing,Romance,2h 11m,8.7,N/A
Love Stuck,Romance,1h 56m,5.6,151
Shooting My Life's Script,Romance,1h 35m,6.2,332
Khwaabon Ka Jhamela,Romance,1h 53m,6.1,105
Enchanting Christmas,Romance,1h 31m,6.4,348
Nie Xiaoqian,Romance,1h 52m,6.4,15
Goreyan Naal Lagdi Zameen Jatt Di,Romance,1h 48m,7.8,28
A Bluegrass Christmas,Romance,1h 24m,6.0,228
To potami,Romance,1h 33m,6.5,14
"Chances Are, You and I",Romance,2h 12m,6.1,104
Samana Sunrise,Romance,1h 40m,6.5,61
Ram Bharosey,Romance,N/A,9.5,33
Honey Money Phony,Romance,1h 55m,6.2,168
Letuchiy korabl,Romance,1h 40m,3.8,290
Holiday for Hire,Romance,1h 24m,5.8,187
Coven of the Black Cube,Romance,1h 37m,N/A,N/A
Visal Adare,Romance,2h,5.9,138
"Love, Sitara",Romance,1h 45m,5.3,295
Love Is Never on Time,Romance,1h 50m,8.9,57
The Heartbreak Agency,Romance,1h 34m,5.3,712
I Don't Know,Romance,1h 38m,N/A,N/A
Heartbreak Motel,Romance,1h 55m,7.0,287
"Fool Me Once, Revenge on You",Romance,N/A,6.9,9
Jatt & Juliet 3,Romance,2h 15m,5.4,N/A
Election,Romance,2h,5.9,807
Just the Two of Us,Romance,N/A,N/A,N/A
Yo no soy esa,Romance,1h 35m,4.9,270
Teasing Master Takagi-san Movie,Romance,1h 59m,6.7,280
Eating Me Up,Romance,1h 44m,8.6,289
Kajolrekha,Romance,2h 36m,6.3,170
Éden & Charlie,Romance,45m,8.3,8
This Is Not A Love Song,Romance,1h 12m,7.1,26
Land of Broken Hearts,Romance,1h 40m,N/A,N/A
Letters at Christmas,Romance,1h 24m,3.7,168
Artist Unknown,Romance,1h 22m,9.2,11
Do I Shock U Like Lightning,Romance,1h 37m,9.2,19
Penguin Girl,Romance,1h 38m,6.8,5
Soft Love,Romance,1h 54m,6.6,34
How to Make Her Leave,Romance,N/A,N/A,N/A
Fragments of Us,Romance,49m,8.3,8
Christmas Overtime,Romance,1h 32m,5.2,20
Onegin,Romance,2h 21m,7.0,N/A
Miracle Mile,Romance,1h 22m,8.7,27
Hold Me Close,Romance,1h 38m,6.6,9
From Corinne's Heart,Romance,N/A,N/A,N/A
Lyod 3,Romance,2h 14m,6.0,294
Silent Love,Romance,1h 56m,6.3,338
Sevmek Yüzünden,Romance,1h 44m,3.6,616
Lady Outlaw,Romance,1h 44m,6.8,16
Kagojer Bou,Romance,1h 52m,6.0,24
Lyubov Sovetskogo Soyuza,Romance,2h 30m,5.1,245
My Boo,Romance,2h 5m,6.1,654
Valentine's Town,Romance,1h 24m,5.3,185
"Dao, Pho Va Piano",Romance,1h 40m,5.9,189
Marriage Mansion,Romance,N/A,N/A,N/A
Nikdo me nemá rád,Romance,1h 24m,5.8,37
Future Date,Romance,1h 22m,6.6,120
Bad Boy's Security,Romance,1h 22m,N/A,N/A
The Day Before Christmas,Romance,N/A,8.1,60
Young Lion of the West,Romance,1h 33m,8.1,106
Komandir,Romance,2h 11m,6.3,513
Petta Rap,Romance,2h 3m,4.2,N/A
Svemu dodje kraj,Romance,1h 29m,6.7,252
Sign Here,Romance,1h 40m,6.2,243
Ye xiao nü sheng,Romance,1h 50m,7.5,28
Un/Happy for You,Romance,1h 50m,N/A,N/A
Momma's Boy,Romance,1h 45m,3.8,47
14 Days Love,Romance,1h 52m,7.5,8
Lobola Man,Romance,1h 48m,4.6,201
Sunlight,Romance,1h 36m,7.9,17
Her Seyin Basi Merkür,Romance,1h 45m,3.5,145
Undying,Romance,26m,6.7,13
Jee Ve Sohneya Jee,Romance,2h 21m,6.7,260
Once Upon a Honeymoon,Romance,1h 49m,6.8,21
Because I Love Bad Weather,Romance,1h 40m,6.2,130
36-24-36,Romance,1h 58m,6.1,204
Honeko Akabane's Bodyguards,Romance,1h 57m,5.9,35
Muse,Romance,1h 9m,N/A,N/A
Life Hotel,Romance,1h 58m,6.6,150
PAPmusic - Animation for Fashion,Romance,1h 25m,1.0,125
Love Me If You Dare,Romance,2h 8m,4.3,470
The Untold Story,Romance,N/A,6.4,17
Could Have Waited for August,Romance,1h 52m,6.2,831
Teriyaan Meriyaan Hera Pheriyan,Romance,2h 5m,6.7,75
3. Gun,Romance,N/A,3.9,132
Yumi's Cells: The Movie,Romance,1h 33m,6.2,48
A Christmas of Wonders,Romance,1h 26m,4.8,120
Morena,Romance,1h 46m,7.8,62
Keshava Chandra Ramavath,Romance,2h 13m,6.7,77
Babli,Romance,2h 14m,6.8,565
Table for Six 2,Romance,2h 13m,5.4,312
Günesi Söndürmem Gerek,Romance,1h 45m,3.5,178
Rajkumar,Romance,2h 25m,7.3,N/A
Our Church Thinks We're Dating,Romance,1h 42m,N/A,N/A
Pretty Boys,Romance,1h 7m,5.4,33
Unn Sawali,Romance,N/A,7.9,11
Chanchal Haseena,Romance,1h 38m,7.2,34
Shark Island,Romance,1h 21m,4.0,114
A Ghetto Love Story,Romance,N/A,9.8,10
Allahr Vres,Romance,2h 15m,8.6,16
The Proud Princess,Romance,1h 24m,7.1,98
O2,Romance,1h 45m,6.7,N/A
Gili Gili Raat,Romance,1h 33m,5.7,12
Dreaming of You,Romance,1h 35m,8.5,24
Traces of Love,Romance,1h 45m,6.5,901
Elle & lui & le reste du monde,Romance,1h 25m,5.7,106
Der Junge dem die Welt gehört,Romance,1h 36m,7.9,76
On the Market,Romance,1h 35m,N/A,N/A
Pantaskah Aku Berhijab,Romance,1h 54m,8.1,16
Kuch Sapney Apne,Romance,2h,8.0,48
Romance with My Vampire Brother,Romance,N/A,7.4,10
Tendaberry,Romance,1h 55m,6.8,35
All's Fair in Love,Romance,1h 55m,6.3,16
My Future You,Romance,1h 49m,8.5,45
We Are Tourists,Romance,1h 37m,N/A,N/A
Lost & Found You,Romance,N/A,6.8,17
Advent,Romance,1h 59m,7.5,6
Sureshinteyum Sumalathayudeyum Hridayahariyaya Pranayakatha,Romance,2h 18m,5.9,83
Honeymoon Express,Romance,1h 58m,8.4,N/A
Hearts Creek,Romance,1h 30m,5.8,114
Gingersnap Christmas,Romance,N/A,4.6,26
My Sassy Girl,Romance,1h 57m,5.2,109
The Little Things,Romance,1h 30m,7.7,39
Aaram Aravinda Swamy,Romance,2h 12m,9.4,327
My Zombabe,Romance,1h 45m,5.1,78
¿Quién quiere casarse con un Astronauta?,Romance,1h 34m,8.7,10
Amar Prem Ki Prem Kahani,Romance,1h 57m,4.4,629
Daghabaaz Dil,Romance,2h 3m,6.4,67
Heart Strings,Romance,1h 47m,6.4,9
Hell City,Romance,1h 30m,9.1,26
Die Ironie des Lebens,Romance,1h 49m,6.6,66
Jingle Bell Love,Romance,1h 21m,6.1,213
"Sampai Nanti, Hanna!",Romance,1h 50m,7.3,261
Raseeli Raatein,Romance,1h 31m,6.4,11
Le beau rôle,Romance,1h 24m,6.9,54
"Love, Wine & Salt: A Tuscan Romance",Romance,N/A,7.1,15
Hong lou meng,Romance,2h,3.3,19
Zyat,Romance,1h 20m,4.2,108
Roti Kapda Romance,Romance,2h 33m,7.5,N/A
Ibbani Tabbida Ileyali,Romance,2h 40m,7.4,831
Him,Romance,1h 20m,7.1,19
Murphy,Romance,2h 16m,7.3,N/A
Umjolo: Day Ones,Romance,1h 26m,4.0,149
Bed & Breakfast,Romance,1h 23m,6.2,200
Listy do M. Pozegnania i powroty,Romance,2h 3m,6.0,308
40,Romance,1h 43m,4.8,18
Skinny Love,Romance,1h 32m,8.3,83
Hani,Romance,1h 13m,N/A,N/A
Love Lies,Romance,1h 54m,7.3,245
Happiness Is,Romance,1h 36m,3.8,292
Maybe Forever,Romance,N/A,8.0,31
Greice,Romance,1h 50m,6.9,119
A Wall Away,Romance,1h 30m,5.0,75
Kaaduvetty,Romance,2h 37m,3.2,145
Yeni Hayat,Romance,2h 12m,3.0,32
Seré breve al momento de morir,Romance,1h 18m,5.7,14
You Are Always Right Here,Romance,N/A,N/A,N/A
X & Y,Romance,1h 41m,7.3,11
The Last 12 Days,Romance,2h 4m,N/A,N/A
Pasutri Gaje,Romance,1h 49m,5.9,324
Christmas in Lagos,Romance,2h,4.6,167
A Soweto Love Story,Romance,1h 41m,4.4,282
Ibiza Dark,Romance,1h 35m,8.3,15
Dinda,Romance,1h 34m,7.0,37
A Heart for Christmas,Romance,1h 31m,7.5,99
Remember I am Dead,Romance,40m,N/A,N/A
Ask Mevsimi,Romance,2h 6m,4.9,323
Oru Kattil Oru Muri,Romance,2h 5m,4.5,56
Boda Love,Romance,1h 47m,8.2,13
Dukkhito,Romance,29m,7.4,69
Love Dodoma,Romance,1h 30m,N/A,N/A
La piel en primavera,Romance,1h 40m,6.9,49
The Gifts of Christmas,Romance,N/A,5.9,17
Usha Parinayam,Romance,2h 24m,9.0,N/A
Meeting Funmi's Parents,Romance,N/A,8.6,15
City of Second Chances,Romance,N/A,7.9,36
Dr. Jason II - Lights & Shadows,Romance,1h 2m,5.3,287
Parahuna 2,Romance,1h 55m,6.7,80
Gebokste Liefde,Romance,N/A,N/A,N/A
Kill the Children first,Romance,1h 46m,7.8,25
Love & Vodka,Romance,1h 23m,N/A,N/A
Welcome to My Side,Romance,1h 42m,7.2,83
Assisting Venus,Romance,1h 40m,6.2,27
Amo-te Imenso,Romance,1h 27m,5.8,83
A Christmas Dream,Romance,1h 34m,4.5,48
8 Views of Lake Biwa,Romance,2h 6m,5.5,102
Tauba Tera Jalwa,Romance,2h 10m,6.2,15
Maru Mann Taru Thayu,Romance,2h 33m,7.5,21
Azzamine,Romance,1h 44m,8.4,99
Son Sans,Romance,1h 26m,5.4,10
Buzzy Noise,Romance,1h 59m,6.0,49
Ai zuo dai,Romance,1h 18m,6.2,36
We Are Faheem & Karun,Romance,1h 21m,9.4,47
Taboo,Romance,N/A,7.4,134
The Christmas Brew,Romance,1h 29m,5.4,151
Khoka Bhai Tama Pain: A Song Epic,Romance,2h 33m,8.9,154
Noche De Bodas,Romance,1h 30m,4.6,223
The Mediterranean Sea,Romance,1h 48m,7.2,69
Hi Anokhi Gaath,Romance,2h 6m,6.7,79
L'invenzione di noi due,Romance,1h 46m,4.6,35
UnCancelled,Romance,N/A,8.0,32
Cedric & Alysia,Romance,1h 24m,5.1,51
Dona Lurdes: O Filme,Romance,1h 30m,5.7,101
Tilottoma,Romance,1h 38m,8.4,23
The Umesh Chronicles,Romance,N/A,8.3,11
Boomerang,Romance,1h 23m,6.3,13
Royal Façade,Romance,1h 35m,8.5,56
A Mountain Between Us,Romance,1h 29m,5.3,34
The Love Buzz,Romance,1h 40m,5.7,157
"Step Back, Doors Closing",Romance,1h 38m,9.0,39
Haunted Happy Hour,Romance,1h 29m,7.9,13
Kanni,Romance,2h 2m,8.5,149
SottoCoperta,Romance,1h 36m,7.7,78
10 Pasimatymu,Romance,1h 39m,6.1,22
Meen Yasadaq,Romance,N/A,8.0,15
Royal Runaways,Romance,N/A,5.4,11
Keluar Main 1994,Romance,1h 52m,7.8,47
My Crazy Rich Girlfriend,Romance,N/A,N/A,N/A
Bar MoskvaChiki,Romance,1h 31m,5.2,100
American Spirit,Romance,1h 48m,N/A,N/A
A Teacher's Gift,Romance,N/A,N/A,N/A
Persona,Romance,N/A,N/A,N/A
Lolipop Gang,Romance,1h 30m,N/A,N/A
Wrooklyn Zoo,Romance,2h 9m,5.4,141
Timing,Romance,2h 18m,7.8,59
Zénithal,Romance,1h 20m,5.3,70
Vampire's House of Cain,Romance,N/A,4.0,17
Sihina Nelum Mal,Romance,1h 45m,8.0,29
I Can't Sleep Without You,Romance,N/A,N/A,N/A
La Casa Azul,Romance,N/A,5.5,6
Puang Bos!,Romance,1h 40m,8.6,5
In the Summer Rain,Romance,2h 9m,N/A,N/A
Amor Platónico,Romance,N/A,5.8,20
Ancika,Romance,1h 40m,6.8,771
Forbidden Love,Romance,1h 36m,7.1,27
Ben and Suzanne: A Reunion in 4 Parts,Romance,1h 49m,8.0,21
#OOTD: Outfit of the Designer,Romance,1h 47m,5.6,42
B4S: Truoc Gio Yeu,Romance,1h 37m,5.8,58
Benaam Rishta,Romance,1h 30m,6.6,9
Selon Joy,Romance,1h 26m,N/A,N/A
Seasoned with Love,Romance,2h,N/A,N/A
Gecenin Nakarati,Romance,1h 44m,7.3,22
Apsara,Romance,2h 30m,7.2,30
Bear Week Diaries,Romance,1h 14m,N/A,N/A
Amigos Sem Compromisso,Romance,N/A,6.3,35
Rabb Da Radio 3,Romance,2h 2m,6.8,6
How to Make Love,Romance,1h 5m,2.8,11
Cazadoras de Millonarios,Romance,N/A,5.6,7
No Means No,Romance,N/A,7.7,8
Go Noni Go,Romance,1h 54m,N/A,N/A
Faith in the Family,Romance,N/A,2.8,121
Shesh Rokkha,Romance,1h 49m,5.0,17
Maaya Ka Moh,Romance,1h 30m,3.7,17
Ponder,Romance,1h 20m,N/A,N/A
Maunam,Romance,1h 46m,8.5,44
Our Christmas House,Romance,1h 17m,5.4,44
43 Degrees North,Romance,N/A,N/A,N/A
Peninsula Nights,Romance,N/A,N/A,N/A
My Valentine Wedding,Romance,N/A,7.3,28
Hope's Hollywood Christmas,Romance,1h 30m,8.9,28
Vidya Vasula Aham,Romance,1h 42m,6.6,92
"Fallen Leaves, Broken Lighters",Romance,1h 36m,N/A,N/A
Surjo,Romance,2h 35m,7.8,14
Ienai Himitsu,Romance,1h 55m,6.9,59
Once Upon A Love Story,Romance,2h 15m,7.6,76
Freydís and Gudrid,Romance,N/A,N/A,N/A
Heavens x Candy,Romance,1h 10m,5.9,38
Forget Me Not,Romance,1h 29m,6.5,140
The Mercedes Story: A Troubled Soul,Romance,2h 8m,7.6,20
Twenty-Nine,Romance,N/A,N/A,N/A
Yesterday Is Almost Here,Romance,1h 32m,8.1,9
Market Mahalakshmi,Romance,2h 13m,4.2,N/A
Raju Gari Ammayi Naidu Gari Abbayi,Romance,2h 38m,8.5,N/A
Dhaaak,Romance,2h 8m,8.6,24
Apaixonada,Romance,1h 35m,4.3,134
Bad Boy in Love,Romance,1h 31m,9.2,11
Cinta Dari Timor,Romance,1h 22m,5.3,22
Keo=peul-ji-ok,Romance,1h 34m,5.3,6
When the Poor Smile,Romance,N/A,N/A,N/A
Elevator,Romance,1h 35m,5.3,125
Uang Panai' 2 Maha(r)l,Romance,1h 46m,7.7,40
Brakpan Bruilof,Romance,1h 46m,N/A,N/A
Toxic,Romance,N/A,8.8,13
Topolinyy pukh,Romance,1h 23m,5.3,130
Inheritance to Love,Romance,1h 28m,9.2,33
Love at First Lie,Romance,1h 47m,4.1,34
The Umbrella Fairy,Romance,1h 35m,5.5,48
Nikoga ne e prosto seks,Romance,N/A,4.8,50
Zorawar Di Jacqueline,Romance,2h 27m,5.4,1K
Pool & Party,Romance,1h 30m,2.7,219
Alaap,Romance,2h 25m,6.3,113
The Dancing Queen,Romance,N/A,4.5,22
Zehan,Romance,1h 53m,4.9,25
ON i Ona,Romance,1h 30m,6.6,9
Video Vision,Romance,1h 18m,5.9,20
Cymbeline,Romance,N/A,N/A,N/A
The Journey of Flower,Romance,1h 37m,3.9,25
Buk Poketer Golpo,Romance,1h 35m,7.9,209
La Tercera Edad,Romance,N/A,5.6,12
Stalker,Romance,1h 31m,3.0,7
Pithala Maathi,Romance,2h 20m,7.8,848
Take Good Care,Romance,1h 41m,N/A,N/A
Reversi,Romance,2h 15m,8.4,99
Pher Mamlaa Gadbad Hai,Romance,2h 6m,5.2,31
Hidden Flora,Romance,1h 33m,7.0,17
How I Love to Be Loved,Romance,1h 42m,N/A,N/A
Rain for Christmas,Romance,N/A,3.9,46
Ayo Balikan,Romance,1h 26m,7.1,25
Young Love,Romance,N/A,N/A,N/A
Adam i Eva,Romance,1h 35m,5.1,92
Abhi,Romance,2h 15m,8.0,43
Cholay,Romance,1h,8.6,53
Uralochka,Romance,1h 35m,3.7,92
"You, Me and Christmas Makes Three",Romance,N/A,5.4,59
Rush Hour,Romance,2h 12m,N/A,N/A
Lázaro de noche,Romance,1h 16m,5.2,28
Valley of the Shadow of Death,Romance,1h 24m,N/A,N/A
DeAr,Romance,2h 12m,5.1,N/A
Safari,Romance,1h 30m,N/A,N/A
Jaunt,Romance,1h 18m,8.4,7
Muzhchina i zhenshchina,Romance,1h 56m,7.7,12
A Place Called Love,Romance,N/A,N/A,N/A
A Man and a Woman,Romance,1h 57m,N/A,N/A
Curry Scent,Romance,N/A,N/A,N/A
Booking,Romance,29m,7.6,63
Ikonophile Z,Romance,N/A,N/A,N/A
The Number,Romance,1h 32m,N/A,N/A
Teddy and the Mountain,Romance,N/A,8.3,18
A Soldier for Christmas,Romance,1h 31m,N/A,N/A
Cinta Tak Seindah Drama Korea,Romance,1h 58m,7.2,45
Angithee 3,Romance,1h 39m,8.1,61
Midwinter,Romance,1h 35m,2.7,16
Bedtime Stories: Tales of Love and Hate,Romance,1h 5m,7.7,15
I Brake for Caterpillars,Romance,1h 33m,N/A,N/A
Vstretimsya vchera,Romance,1h 19m,6.4,340
Scorned Waifu,Romance,2h 15m,4.7,10
Love Mocktail 2,Romance,2h 20m,8.8,3K
10 Things about Sally,Romance,1h 20m,N/A,N/A
Near Miss,Romance,N/A,N/A,N/A
Dois Caipiras em Colombo,Romance,1h 30m,N/A,N/A
Love Love,Romance,1h 1m,9.0,7
The Summer Before Forever,Romance,N/A,N/A,N/A
Bienvenidos al paraíso,Romance,1h 40m,4.9,21
Lovers and Friends,Romance,1h 14m,N/A,N/A
Licença para Enlouquecer,Romance,1h 35m,7.8,14
Mr and Mrs Bachelor,Romance,N/A,N/A,N/A
Me and You,Romance,N/A,N/A,N/A
Last Defenders of Monogamy,Romance,1h 24m,5.3,385
Let Me Be Corey,Romance,N/A,N/A,N/A
Pauline grandeur nature,Romance,N/A,N/A,N/A
Real Estate Sisters,Romance,1h 24m,4.8,17
Smart Casuals,Romance,1h 36m,5.3,41
The Haunting of Lanquetot,Romance,1h 36m,N/A,N/A
Lyubov so vtorogo vzglyada,Romance,1h 37m,4.7,72
No Tomorrow,Romance,N/A,N/A,N/A
Lyubov zla,Romance,1h 23m,6.2,395
Juni,Romance,2h 18m,7.3,216
For Regn,Romance,2h 20m,3.8,559
Kacher Manush Dure Thuiya,Romance,2h 24m,7.9,N/A
Love Mouli,Romance,2h 26m,6.5,81
Sneaking Around,Romance,1h 20m,8.8,21
"Sampai Jumpa, Selamat Tinggal",Romance,1h 49m,6.6,5
Chow Chow Bath,Romance,1h 50m,7.1,N/A
Romeo Ingkar Janji,Romance,1h 53m,7.3,16
Roman Peony,Romance,2h 12m,8.0,8
Lust for My Sister's Killer,Romance,1h 8m,N/A,N/A
Samudrudu,Romance,N/A,7.7,2K
Kadin Kafasi,Romance,1h 33m,3.7,26
Kailasa Kasidre,Romance,2h 4m,5.9,1K
When Magic Hurts,Romance,1h 59m,N/A,N/A
Ninaivellam Neeyada,Romance,2h 35m,5.2,32
Fire and Ice,Romance,1h 39m,N/A,N/A
You're Mine,Romance,N/A,N/A,N/A
Fujimi Lovers,Romance,1h 43m,6.0,45
Love Is Love,Romance,2h,N/A,N/A
Reeza GTR,Romance,1h 31m,7.4,14
Sovsem oshaleli,Romance,1h 33m,4.2,55
To Love and to Cherish,Romance,1h 17m,N/A,N/A
I Love You 2,Romance,2h 40m,8.1,172
Sáquenme de Aquí,Romance,1h 32m,N/A,N/A
Colegio Girassol,Romance,1h,7.9,14
Cuando te toca,Romance,N/A,N/A,N/A
Mr. Engineer and Miss Doctor,Romance,40m,6.2,8
1970 Love Story,Romance,N/A,7.9,12
Unarvugal Thodarkadhai,Romance,1h 51m,6.4,53
Rador Pakhi (Morning Sunshine),Romance,2h 9m,N/A,N/A
Paalum Pazhavum,Romance,2h 27m,4.9,173
Pon Ondru Kanden,Romance,2h,5.7,266
Amor a fuego lento,Romance,N/A,8.6,5
Zegapain STA,Romance,1h 30m,N/A,N/A
Papu mame zaverni,Romance,1h 46m,3.5,65
Majnoo,Romance,2h 3m,9.6,61
Chetyre chetverti,Romance,2h 32m,8.7,7
Maoussi,Romance,N/A,N/A,N/A
Yano-kun no Futsu no Hibi,Romance,1h 46m,N/A,N/A
Asheq,Romance,N/A,5.7,82
Girl Friends,Romance,1h 44m,N/A,N/A
Deyaler Desh,Romance,2h 19m,6.8,127
On+Ona,Romance,1h 33m,7.5,14
Written by Mike,Romance,N/A,N/A,N/A
Lupakan Cinta,Romance,1h 25m,N/A,N/A
Neath's Love Story,Romance,1h 46m,7.6,50
Romeo,Romance,2h 30m,6.1,N/A
The Best Day of Your Life,Romance,1h 1m,N/A,N/A
Yentha Panichesav Chanti,Romance,2h 15m,9.5,85
Detention with Daisy,Romance,N/A,N/A,N/A
Einmal richtig,Romance,N/A,8.9,15
Tuesday,Romance,N/A,4.4,10
Untouchable,Romance,N/A,N/A,N/A
A Mother's Lie,Romance,N/A,N/A,N/A
Before Marriage,Romance,1h 52m,8.5,N/A
Byvshiy v pomoshch,Romance,1h 30m,5.0,77
My Only Relative.,Romance,1h 45m,N/A,N/A
The Space in Between,Romance,N/A,N/A,N/A
Chocolate Kiss 2,Romance,N/A,N/A,N/A
Jada,Romance,N/A,N/A,N/A
Labyrinth,Romance,1h 40m,4.5,14
Vremya est!,Romance,1h 14m,6.0,10
Ravikula Raghurama,Romance,1h 51m,8.1,N/A
Pravo na levo,Romance,1h 28m,3.7,36
ONENESS,Romance,1h 55m,8.9,12
Eksie Perfeksie,Romance,1h 43m,6.3,21
Bigayan,Romance,43m,6.1,44
Happiness,Romance,1h 58m,5.5,13
Mafia Temptation,Romance,1h 22m,N/A,N/A
Mezhdu nami leto,Romance,1h 53m,5.8,53
Garh-Kumau,Romance,N/A,N/A,N/A
My Own Normal,Romance,57m,N/A,N/A
Fake Boyfriend,Romance,N/A,9.0,18
I Hate You,Romance,1h 57m,7.9,2K
A Love to Remember,Romance,2h 43m,N/A,N/A
Greytown Girl,Romance,N/A,4.0,15
Sasivadane,Romance,N/A,N/A,N/A
RadhaaMadhavam,Romance,1h 57m,6.2,N/A
Just Pass,Romance,2h 16m,6.6,210
Konjam Pesinaal Yenna,Romance,1h 52m,7.2,65
The Gift That Gives,Romance,1h 21m,6.2,57
Just the Two of Us,Romance,1h 51m,N/A,N/A
Jak ukradlem 100 milionów,Romance,1h 30m,3.4,92
My Love from Another Land,Romance,N/A,N/A,N/A
He's Not Ready,Romance,1h 50m,N/A,N/A
Love in the Time of Corona,Romance,1h 40m,4.1,96
Tochka opory,Romance,1h 41m,N/A,N/A
Juliette & Roméo,Romance,50m,N/A,N/A
Vtroyom,Romance,1h 30m,4.6,60
Cedo Demais,Romance,1h 30m,4.3,26
Weekend Away,Romance,1h 18m,N/A,N/A
The One I Love,Romance,2h 18m,N/A,N/A
Forever Loved,Romance,N/A,8.2,13
Solemates,Romance,55m,N/A,N/A
The Letter Writer,Romance,N/A,7.5,7
A Night in July,Romance,1h 28m,N/A,N/A
Kulturnaya komediya,Romance,1h 35m,5.2,82
Radost na dosah,Romance,N/A,8.9,12
Maid of Honour,Romance,2h 29m,N/A,N/A
Your 1/2 of the Rent,Romance,1h 45m,8.5,16
The Truck,Romance,N/A,N/A,N/A
Our Crazy Love,Romance,1h 26m,N/A,N/A
Ramana Avatara,Romance,2h 16m,8.1,35
Katlaa Curry,Romance,1h 50m,9.4,25
Wo xiang han ni zai yi qi,Romance,1h 40m,5.4,17
Chemistry,Romance,1h 37m,N/A,N/A
Maya: The Love,Romance,2h 19m,6.5,13
"Be My Guest, Be My Baby",Romance,1h 54m,N/A,N/A
I 20,Romance,1h 54m,9.1,493
Susquehanna Stage's Grease: Youth and Teen Production,Romance,N/A,N/A,N/A
The Delegator,Romance,1h 36m,N/A,N/A
Union Station,Romance,N/A,N/A,N/A
My Last Words,Romance,N/A,N/A,N/A
Four Singles,Romance,1h 3m,N/A,N/A
When You Love June,Romance,2h 44m,N/A,N/A
The Loneliest Boy on Earth,Romance,2h 38m,N/A,N/A
*YES I DO*,Romance,N/A,N/A,N/A
Alaye,Romance,1h 32m,N/A,N/A
Ini Oru Kadhal Seivom,Romance,1h 49m,5.7,23
REES,Romance,N/A,6.5,25
Avassaladoras 2.0,Romance,1h 34m,2.0,25
Ona tantsuet,Romance,1h 25m,8.8,9
Mezhdu nami,Romance,1h 33m,5.1,35
1980 Lo Radhekrishna,Romance,N/A,8.5,N/A
The Thousand Colours of the Morning,Romance,1h 8m,N/A,N/A
Falling for Daisy,Romance,N/A,N/A,N/A
A Garota do Bar,Romance,N/A,N/A,N/A
Biz Ayrilamayiz,Romance,1h 47m,3.7,34
Conversations in Transit,Romance,N/A,N/A,N/A
Guacamole Yesterdays,Romance,N/A,8.6,14
Intlawulo,Romance,1h 28m,N/A,N/A
Auntie Gertie,Romance,48m,N/A,N/A
Dil Dosti Duniyadari,Romance,N/A,N/A,N/A
Atashi no!,Romance,N/A,N/A,N/A
Rodnya,Romance,1h 39m,7.7,8
Varna,Romance,N/A,N/A,N/A
I'm Seeing Things,Romance,54m,N/A,N/A
Mendung tanpo udan,Romance,1h 41m,6.3,21
Vyberi menya,Romance,1h 26m,5.0,62
Along Came Love,Romance,1h 39m,N/A,N/A
Love and the Crown,Romance,2h 12m,N/A,N/A
Oshana,Romance,2h 29m,5.8,791
Billionaire Bodyguard,Romance,1h 46m,N/A,N/A
Palasher Biye,Romance,1h 39m,6.7,42
Dil Kush,Romance,2h 15m,8.5,545
No Fury,Romance,N/A,N/A,N/A
Two Girls,Romance,1h 34m,N/A,N/A
Sangharshana,Romance,1h 42m,8.2,N/A
Dangerous Feelings,Romance,N/A,N/A,N/A
La Pura Vida,Romance,1h 29m,8.9,22
The Stars and the Storms,Romance,N/A,N/A,N/A
Guxim,Romance,1h 15m,7.7,34
Gen Z Wife,Romance,2h 30m,N/A,N/A
Something About You,Romance,1h 12m,N/A,N/A
Adrian,Romance,N/A,N/A,N/A
"Bernadotte, Louise & Napoleon",Romance,1h 14m,N/A,N/A
Diminishing Value of Love,Romance,N/A,9.0,9
A Christmas Thrill,Romance,N/A,N/A,N/A
Fiancee for a Day,Romance,1h 29m,N/A,N/A
Duo Xiang he Ni Zai Jian yi Mian,Romance,1h 49m,N/A,N/A
The Perfect Him,Romance,1h 30m,5.2,19
Love Square,Romance,1h 58m,N/A,N/A
Love in Transit,Romance,1h 40m,N/A,N/A
Me and My Victim,Romance,1h 40m,2.3,8
Lovers & Foes,Romance,2h 31m,N/A,N/A
La Ruptura,Romance,1h 18m,N/A,N/A
Manomani,Romance,N/A,N/A,N/A
Alter-Ego Film Project,Romance,N/A,N/A,N/A
Poovu,Romance,1h 21m,N/A,N/A
Ishttaragam,Romance,N/A,9.2,111
The Counsellor,Romance,N/A,N/A,N/A
Stand by me,Romance,2h 50m,N/A,N/A
Suchana,Romance,1h 30m,9.1,527
Kinda Married Like,Romance,N/A,7.1,9
If My Lover Were a Flower,Romance,1h 50m,8.5,8
A Minor Malfunction,Romance,N/A,N/A,N/A
Rent A Boyfriend,Romance,1h 18m,N/A,N/A
Bonnie & Clive,Romance,1h 21m,N/A,N/A
Gap Lai Chi Bau,Romance,1h 54m,5.6,42
Don't Trust,Romance,1h 12m,N/A,N/A
Lucky Heart,Romance,1h 30m,4.4,8
Sandglass,Romance,N/A,5.0,33
Neath's Love Story 2,Romance,1h 28m,7.4,22
Strawberry Chinny,Romance,N/A,N/A,N/A
My Cannibal Crush,Romance,50m,6.3,12
Thikana Bodle Jay,Romance,1h,N/A,N/A
Avantyura,Romance,1h 30m,5.6,16
Quelques jours avec Clémence,Romance,N/A,N/A,N/A
Same Spot,Romance,N/A,N/A,N/A
Kek 2,Romance,1h 38m,N/A,N/A
My Love Diary,Romance,1h 38m,N/A,N/A
Ittarr,Romance,2h 10m,N/A,N/A
Husna,Romance,2h 30m,N/A,N/A
The Monkey Men,Romance,1h 46m,N/A,N/A
Chhapa,Romance,1h 6m,N/A,N/A
The Choice,Romance,40m,N/A,N/A
The Moon is in Aquarius,Romance,1h 27m,N/A,N/A
A Very Bayou Holiday,Romance,1h 27m,4.6,10
In This Moment,Romance,15m,N/A,N/A
Mr. Lecturer,Romance,2h 16m,N/A,N/A
Dua Surga Dalam Cintaku,Romance,1h 51m,7.8,6
InfiniMundo,Romance,1h 30m,N/A,N/A
San Francisco Bae,Romance,N/A,N/A,N/A
Kizi Kazan Ask,Romance,N/A,N/A,N/A
Sugar Mama Killer,Romance,1h 21m,N/A,N/A
For the Love of Basketball,Romance,N/A,N/A,N/A
Leatherbound,Romance,N/A,8.0,8
Lokananta,Romance,N/A,7.0,9
Praamaadya: An Intoxication,Romance,32m,N/A,N/A
Get Over Yourself,Romance,1h 49m,N/A,N/A
Karthi Kalyani,Romance,N/A,N/A,N/A
Güle-Güle,Romance,1h 58m,N/A,N/A
Man in Love,Romance,2h 27m,N/A,N/A
Faithful Love,Romance,N/A,N/A,N/A
The Claddagh,Romance,1h 28m,7.4,8
Bake Me a Heart,Romance,2h 33m,N/A,N/A
Snooze,Romance,1h 21m,N/A,N/A
The Christmas Run,Romance,N/A,N/A,N/A
Whispers of Betrayal: The Drug Underworld,Romance,1h 25m,N/A,N/A
Finding Jane,Romance,1h 6m,N/A,N/A
Cloud of Love,Romance,1h 35m,N/A,N/A
Forever Yena,Romance,1h 18m,N/A,N/A
Vy menya videli?,Romance,1h 20m,4.9,50
Setengah Hati,Romance,1h 49m,N/A,N/A
How to Operate a Polaroid Camera,Romance,6m,N/A,N/A
Mistakenly Yours,Romance,N/A,N/A,N/A
A Song for Juliette,Romance,N/A,N/A,N/A
Life Ek Settlement,Romance,N/A,N/A,N/A
Looking for Cinderella,Romance,17m,N/A,N/A
Love Solutions,Romance,N/A,N/A,N/A
Akhiri Arji,Romance,N/A,N/A,N/A
My Sunshine,Romance,1h 15m,N/A,N/A
Gaiyan,Romance,35m,6.1,16
Tobia e i colori del mondo,Romance,N/A,N/A,N/A
"The Actor, the Nurse, & The Cryptid",Romance,2h 17m,N/A,N/A
Two Weeks to a Wedding,Romance,1h 42m,N/A,N/A
Love Unscripted,Romance,1h 29m,N/A,N/A
Onty Bunty Love Story,Romance,N/A,7.9,36
Bana Beni Anlat,Romance,N/A,7.5,40
Diwani,Romance,N/A,N/A,N/A
PGT: Prema Geema Thassadiyya,Romance,N/A,8.4,21
Mehabooba,Romance,2h 27m,7.0,247
Mortadella,Romance,1h 30m,N/A,N/A
Naanum Oru Azhagi,Romance,N/A,8.9,175
Ishara,Romance,46m,N/A,N/A
The 4 Pitch Ditch,Romance,1h 7m,N/A,N/A
Yurka,Romance,1h 25m,4.1,27
Love Inside the Drug Game,Romance,1h 12m,N/A,N/A
For Kenny,Romance,1h 28m,N/A,N/A
Boy Trouble,Romance,1h 40m,N/A,N/A
Lukochuri,Romance,2h 7m,7.0,11
Yeoreumi Kkeutnal Muryeobeui,Romance,N/A,N/A,N/A
Fraulein Cherie,Romance,1h 32m,N/A,N/A
The Legend of the Cat Demon,Romance,1h 25m,4.8,12
Chu Lay Aasman,Romance,2h,9.0,11
Fun Girl,Romance,N/A,N/A,N/A
Pleasure Principal,Romance,N/A,N/A,N/A
Sugar Daddy Killer,Romance,1h 16m,N/A,N/A
Once Upon a Vow,Romance,1h 50m,N/A,N/A
Forever in a Night,Romance,N/A,N/A,N/A
Akash Vani,Romance,2h 32m,N/A,N/A
Me or You,Romance,2h 3m,N/A,N/A
Mann Behka,Romance,1h 17m,N/A,N/A
Choices,Romance,1h 27m,N/A,N/A
ISHQ (Don't Fall in Love),Romance,2h 11m,N/A,N/A
Perfect Nobody,Romance,1h 41m,N/A,N/A
Sandwiched,Romance,2h 15m,N/A,N/A
"Ex-Files, Pals & Pocket-Dials",Romance,1h 20m,N/A,N/A
We Are Forever,Romance,N/A,3.6,9
Killer Baby Daddy,Romance,1h 18m,3.9,14
Entangled,Romance,1h 14m,N/A,N/A
A Player's Heart,Romance,1h 36m,N/A,N/A
Going Poly: Love Beyond Monogamy,Romance,48m,N/A,N/A
The Dream Fisher,Romance,N/A,N/A,N/A
Twice the Love,Romance,N/A,N/A,N/A
Dekha Howar Kotha Chilo,Romance,45m,N/A,N/A
iKHlaas,Romance,50m,8.1,16
Isoken's Man,Romance,N/A,N/A,N/A
Sweet Stitch,Romance,N/A,N/A,N/A
Chicken Factory,Romance,2h 3m,3.3,23
Sunset Road,Romance,57m,N/A,N/A
Love on Air,Romance,1h 12m,N/A,N/A
Jugol,Romance,49m,N/A,N/A
The First Lecture,Romance,55m,9.0,11
Ta de Xiao Li Wo,Romance,1h 56m,N/A,N/A
Bambara Wasanthe,Romance,1h 41m,N/A,N/A
Berta y Pablo,Romance,1h 1m,7.4,7
Tokhon Jokhon,Romance,1h 3m,7.6,12
With Every Heartbeat,Romance,1h 24m,N/A,N/A
Shiva Ke Ram Bhoomi,Romance,1h 52m,N/A,N/A
Hauchi,Romance,1h 54m,N/A,N/A
Money Matters!!! But Love???,Romance,1h 49m,N/A,N/A
Men Love Lust,Romance,N/A,N/A,N/A
Steal My Heart,Romance,2h 8m,N/A,N/A
The Frozen Hearts: A Love Story,Romance,1h 28m,N/A,N/A
To Love a Thief,Romance,2h 45m,N/A,N/A
Santhosha Sangeetha,Romance,N/A,N/A,N/A
A Christmas Gift,Romance,N/A,N/A,N/A
Baryali,Romance,1h 34m,N/A,N/A
Love in Chaos,Romance,2h 10m,N/A,N/A
The Flower Boy,Romance,2h 25m,N/A,N/A
Distant Hearts A tale of Enduring Love,Romance,1h 15m,N/A,N/A
My Daughter's Crush,Romance,1h 48m,N/A,N/A
Hothat Bhalobasa,Romance,1h 4m,N/A,N/A
Bewafa Darling,Romance,56m,8.6,14
Shurochka,Romance,1h 15m,N/A,N/A
Hasta Que Nos Encontremos De Neuvo,Romance,1h 30m,N/A,N/A
Crossed Lines,Romance,1h 48m,N/A,N/A
No Perfect Love,Romance,N/A,N/A,N/A
Love Unplanned,Romance,1h 29m,N/A,N/A
Colour Palette,Romance,1h 27m,9.0,23
I Met a Girl,Romance,1h 45m,N/A,N/A
Te Amo,Romance,1h 8m,N/A,N/A
Bichos Muy Raros,Romance,N/A,7.0,10
Aveer,Romance,N/A,N/A,N/A
Happy Ending,Romance,2h 38m,N/A,N/A
Tari Love,Romance,2h 3m,N/A,N/A
Anonymous Valentine,Romance,2h 36m,N/A,N/A
Bean Theory,Romance,N/A,N/A,N/A
Love Rhythm,Romance,1h 39m,N/A,N/A
Bhabhi Ki Barat,Romance,N/A,N/A,N/A
Forever Us,Romance,2h 15m,N/A,N/A
Mandya Haida,Romance,2h 19m,6.2,236
Beyond Limits,Romance,1h 46m,N/A,N/A
A Hero is Born,Romance,1h 55m,N/A,N/A
I Love You Regardless,Romance,N/A,N/A,N/A
The Man I Saved,Romance,1h 25m,N/A,N/A
Liu mang qu mo shi,Romance,1h 44m,5.3,10
Kiss or Kill,Romance,N/A,N/A,N/A
If You Love Express It,Romance,N/A,N/A,N/A
Blind Date,Romance,2h 33m,N/A,N/A
Wo Kan Jian Liang Duo Yi Yang de Yun,Romance,N/A,N/A,N/A
Holy Matrimony,Romance,2h 23m,N/A,N/A
Young Lovers,Romance,2h 3m,N/A,N/A
The Last Scene,Romance,1h 10m,N/A,N/A
Five Days in November,Romance,1h 38m,N/A,N/A
Heart Impossible,Romance,1h 56m,N/A,N/A
Peas in a Pod,Romance,N/A,N/A,N/A
Tui Ke Amar,Romance,1h 54m,N/A,N/A
Papa's Princess,Romance,2h 36m,N/A,N/A
Together in Love,Romance,N/A,N/A,N/A
Esa Soledad,Romance,19m,N/A,N/A
Prothom Valobasa,Romance,53m,N/A,N/A
Bhediya: The Hunter,Romance,2h 5m,N/A,N/A
Road to Christmas,Romance,1h 35m,N/A,N/A
Walls Apart,Romance,1h 37m,N/A,N/A
Saintly Affection,Romance,1h 56m,N/A,N/A
A Ride for Love,Romance,1h 33m,N/A,N/A
Extra,Romance,28m,7.0,12
Mr. Goodman,Romance,1h 50m,N/A,N/A
Chaya,Romance,N/A,N/A,N/A
Unusual Love,Romance,1h 39m,N/A,N/A
Second Chance,Romance,1h,N/A,N/A
Hate at First Meet,Romance,N/A,N/A,N/A
Love in a Different Key,Romance,N/A,N/A,N/A
Sweet as Rose,Romance,1h 34m,N/A,N/A
The Guy Is Mine,Romance,N/A,N/A,N/A
The Charm,Romance,N/A,N/A,N/A
Hu Tara Vina Kai Nai,Romance,2h 5m,9.4,15
Red Butterflies,Romance,N/A,N/A,N/A
Lost in Love,Romance,1h 46m,N/A,N/A
The Right Fit,Romance,1h 17m,N/A,N/A
Angel from Hell,Romance,N/A,N/A,N/A
Head Over Heels,Romance,N/A,N/A,N/A
Ai em leobeu,Romance,1h 21m,N/A,N/A
Fire Hearts,Romance,1h 51m,N/A,N/A
The One Who Stole My Heart 2,Romance,1h 44m,N/A,N/A
I am the girl 3 me and my girlfriend,Romance,N/A,N/A,N/A
"Parallels: Him, Her & Them",Romance,N/A,N/A,N/A
Gina's Date Night,Romance,N/A,N/A,N/A
Designed for Me,Romance,1h 27m,N/A,N/A
Vaaradhi,Romance,2h,N/A,N/A
Beat the Beast,Romance,1h 14m,N/A,N/A
7 Days to Get Rid of My Ex,Romance,1h 46m,N/A,N/A
El Viaje de Laura,Romance,N/A,N/A,N/A
Searching,Romance,1h 48m,N/A,N/A
Biography of Meng Po,Romance,1h 16m,N/A,N/A
Deuka... the wings,Romance,2h 4m,N/A,N/A
Bahupash,Romance,46m,N/A,N/A
Once Upon a Dream,Romance,N/A,N/A,N/A
Okamotomanta,Romance,2h 29m,N/A,N/A
Cupid's Arrow,Romance,2h 3m,N/A,N/A
Half Moon Bay,Romance,1h 10m,N/A,N/A
I Am Erasmus,Romance,N/A,N/A,N/A
Bad Guy My Boss Special EP,Romance,N/A,N/A,N/A
Bolte Chai,Romance,55m,N/A,N/A
Aitokunrin,Romance,N/A,N/A,N/A
More Reason to Love,Romance,1h 7m,N/A,N/A
My Domestic Maid,Romance,1h 32m,N/A,N/A
Love Territory,Romance,1h 33m,N/A,N/A
Show Me a Rose,Romance,1h 59m,N/A,N/A
"Ponta Grossa, Não Sei Se Te Amo",Romance,1h 29m,N/A,N/A
In a Situationship,Romance,38m,N/A,N/A
Loss Project,Romance,48m,N/A,N/A
The Last Customer,Romance,19m,N/A,N/A
Sarkari Rozgaar,Romance,2h 20m,N/A,N/A
A Hold on Me,Romance,1h 43m,N/A,N/A
BumHer,Romance,N/A,9.2,11
NOSOFACH: Balada o vesmíre,Romance,N/A,N/A,N/A
I Hate Love Stories,Romance,N/A,N/A,N/A
Modern Ruins,Romance,1h 40m,N/A,N/A
La hija de Rappaccini,Romance,1h 32m,N/A,N/A
Girl Talk,Romance,N/A,N/A,N/A
Lucid Love,Romance,1h 11m,8.6,29
Arquitetando em Sampa,Romance,1h 44m,N/A,N/A
Jodi Bhalobasho,Romance,54m,N/A,N/A
Borjatri,Romance,1h 12m,8.4,6
Last Will,Romance,N/A,N/A,N/A
Magical Encounter,Romance,2h 37m,N/A,N/A
Lady of Honour,Romance,1h 47m,N/A,N/A
Young in Love,Romance,1h 19m,N/A,N/A
You Jian Dao Xiang,Romance,N/A,N/A,N/A
Broken Glass,Romance,N/A,N/A,N/A
Vamp Camp: Being a Melodrama in Three Parts,Romance,N/A,N/A,N/A
Unintended,Romance,1h 51m,N/A,N/A
Strong Hold,Romance,N/A,N/A,N/A
Ek Minute,Romance,N/A,N/A,N/A
Wrong Side of Love,Romance,N/A,N/A,N/A
A Lovely Résumé,Romance,1h 10m,9.3,7
Guilty Advice,Romance,N/A,N/A,N/A
Dream Cafe,Romance,1h 51m,N/A,N/A
Time Traveler's,Romance,N/A,N/A,N/A
Leyli and Majnun,Romance,1h 19m,N/A,N/A
Sent from Above,Romance,1h 54m,N/A,N/A
Love Stories ,Romance,1h 15m,N/A,N/A
Love Bites,Romance,1h,N/A,N/A
Jaavali,Romance,N/A,N/A,N/A
First Love,Romance,N/A,N/A,N/A
Lost Love One,Romance,N/A,N/A,N/A
Maya-The Truth,Romance,15m,N/A,N/A
Our First Date,Romance,N/A,N/A,N/A
Marry Me,Romance,N/A,N/A,N/A
Xun zhao xiao shi de lian ren,Romance,1h 43m,N/A,N/A
When the Flower Withers,Romance,N/A,N/A,N/A
Made for Me,Romance,N/A,N/A,N/A
Jiboner Chuktinama,Romance,49m,N/A,N/A
One Heart at a Time,Romance,2h 5m,N/A,N/A
Feelings Attached,Romance,1h 50m,N/A,N/A
Wood House,Romance,45m,N/A,N/A
Coded Treaty,Romance,N/A,N/A,N/A
Hamar Niyati,Romance,2h 19m,N/A,N/A
The Hard Conversations,Romance,N/A,N/A,N/A
A Love to Last,Romance,1h 54m,N/A,N/A
As Margens de Canavieiras,Romance,N/A,N/A,N/A
Osompurno,Romance,59m,9.6,13
"Katarina, ili Doch razboynika",Romance,2h 37m,N/A,N/A
Bring Back the Colour,Romance,47m,5.9,7
Dance Dance Dance,Romance,1h 38m,N/A,N/A
Mr. & Mrs. Bride & Groom,Romance,2h 16m,N/A,N/A
Tomari Sathe,Romance,54m,8.0,8
Black Owner and Horny College Girls,Romance,1h 5m,3.9,7
Thank you for coming,Romance,N/A,N/A,N/A
Dream Edition,Romance,N/A,N/A,N/A
The Moon Asks for Help,Romance,1h 36m,N/A,N/A
"Here I am, I'm Jean-Frank",Romance,N/A,N/A,N/A
CHU LAY ASMAAN ,Romance,2h,N/A,N/A
Strange Affections,Romance,1h 20m,N/A,N/A
Something About Him,Romance,2h 49m,N/A,N/A
A Wife by Default,Romance,1h 28m,N/A,N/A
Anaatha,Romance,N/A,N/A,N/A
Hearts in Focus,Romance,N/A,N/A,N/A
If Love Deceives You,Romance,1h 30m,N/A,N/A
Silver Cord,Romance,2h 4m,N/A,N/A
Zozobra,Romance,N/A,N/A,N/A
Shesh Kichudin,Romance,55m,N/A,N/A
Strupla,Romance,1h 35m,N/A,N/A
Love Given,Romance,1h 41m,N/A,N/A
A Thing Called Love,Romance,1h 26m,N/A,N/A
Stolen Kisses,Romance,1h 23m,N/A,N/A
Someday Soon,Romance,N/A,N/A,N/A
Kapsula,Romance,46m,N/A,N/A
Sarhadein,Romance,N/A,N/A,N/A
Valobashar Porinam,Romance,N/A,N/A,N/A
Heart Arrest,Romance,2h 32m,N/A,N/A
Preet Binjara,Romance,1h 56m,N/A,N/A
Bidhoba: The Widow,Romance,N/A,8.0,7
Theory of Love,Romance,40m,N/A,N/A
Deewaar Ke Us Paar (beyond the Wall),Romance,1h 47m,N/A,N/A
Ishq va anduh,Romance,N/A,N/A,N/A
Acuerdate de mí,Romance,N/A,N/A,N/A
My Super Heroine,Romance,1h 33m,N/A,N/A
